-- MySQL dump 10.13  Distrib 8.0.42, for Win64 (x86_64)
--
-- Host: 127.0.0.1    Database: bookstore
-- ------------------------------------------------------
-- Server version	8.4.5

/*!40101 SET @OLD_CHARACTER_SET_CLIENT=@@CHARACTER_SET_CLIENT */;
/*!40101 SET @OLD_CHARACTER_SET_RESULTS=@@CHARACTER_SET_RESULTS */;
/*!40101 SET @OLD_COLLATION_CONNECTION=@@COLLATION_CONNECTION */;
/*!50503 SET NAMES utf8 */;
/*!40103 SET @OLD_TIME_ZONE=@@TIME_ZONE */;
/*!40103 SET TIME_ZONE='+00:00' */;
/*!40014 SET @OLD_UNIQUE_CHECKS=@@UNIQUE_CHECKS, UNIQUE_CHECKS=0 */;
/*!40014 SET @OLD_FOREIGN_KEY_CHECKS=@@FOREIGN_KEY_CHECKS, FOREIGN_KEY_CHECKS=0 */;
/*!40101 SET @OLD_SQL_MODE=@@SQL_MODE, SQL_MODE='NO_AUTO_VALUE_ON_ZERO' */;
/*!40111 SET @OLD_SQL_NOTES=@@SQL_NOTES, SQL_NOTES=0 */;

--
-- Table structure for table `admin`
--

DROP TABLE IF EXISTS `admin`;
/*!40101 SET @saved_cs_client     = @@character_set_client */;
/*!50503 SET character_set_client = utf8mb4 */;
CREATE TABLE `admin` (
  `admin_id` varchar(255) NOT NULL,
  `admin_pwd` varchar(255) DEFAULT NULL,
  `admin_name` varchar(255) DEFAULT NULL,
  `admin_status` enum('ACTIVE','INACTIVE') DEFAULT NULL COMMENT '관리자 상태: 정상/퇴사',
  `admin_phone_number` varchar(255) DEFAULT NULL,
  PRIMARY KEY (`admin_id`)
) ENGINE=InnoDB DEFAULT CHARSET=utf8mb3;
/*!40101 SET character_set_client = @saved_cs_client */;

--
-- Dumping data for table `admin`
--

LOCK TABLES `admin` WRITE;
/*!40000 ALTER TABLE `admin` DISABLE KEYS */;
INSERT INTO `admin` VALUES ('admin_1','admin1!','패스트캠퍼스','ACTIVE','01082828282');
/*!40000 ALTER TABLE `admin` ENABLE KEYS */;
UNLOCK TABLES;

--
-- Table structure for table `cart`
--

DROP TABLE IF EXISTS `cart`;
/*!40101 SET @saved_cs_client     = @@character_set_client */;
/*!50503 SET character_set_client = utf8mb4 */;
CREATE TABLE `cart` (
  `id_for_admin` varchar(255) NOT NULL,
  `isbn` varchar(255) NOT NULL,
  `product_quantity` int DEFAULT NULL,
  `cart_reg_date` datetime DEFAULT NULL,
  PRIMARY KEY (`id_for_admin`,`isbn`),
  KEY `isbn` (`isbn`),
  CONSTRAINT `cart_ibfk_1` FOREIGN KEY (`id_for_admin`) REFERENCES `user` (`id_for_admin`),
  CONSTRAINT `cart_ibfk_2` FOREIGN KEY (`isbn`) REFERENCES `product` (`isbn`)
) ENGINE=InnoDB DEFAULT CHARSET=utf8mb3;
/*!40101 SET character_set_client = @saved_cs_client */;

--
-- Dumping data for table `cart`
--

LOCK TABLES `cart` WRITE;
/*!40000 ALTER TABLE `cart` DISABLE KEYS */;
INSERT INTO `cart` VALUES ('U00002','9788931934656',15,'2025-07-13 22:31:07'),('U00002','9791140714575',5,'2025-07-07 20:47:17'),('U00002','9791194087700',3,'2025-07-07 20:47:11'),('U00002','9791198987631',2,'2025-07-13 12:51:22'),('U00003','9788936434595',1,'2025-07-11 23:51:29'),('U00003','9791198987631',1,'2025-07-11 23:51:55');
/*!40000 ALTER TABLE `cart` ENABLE KEYS */;
UNLOCK TABLES;

--
-- Table structure for table `low_category`
--

DROP TABLE IF EXISTS `low_category`;
/*!40101 SET @saved_cs_client     = @@character_set_client */;
/*!50503 SET character_set_client = utf8mb4 */;
CREATE TABLE `low_category` (
  `low_category` int NOT NULL,
  `mid_category` int NOT NULL,
  `low_category_name` varchar(255) DEFAULT NULL,
  PRIMARY KEY (`low_category`),
  KEY `mid_category` (`mid_category`),
  CONSTRAINT `low_category_ibfk_1` FOREIGN KEY (`mid_category`) REFERENCES `middle_category` (`mid_category`)
) ENGINE=InnoDB DEFAULT CHARSET=utf8mb3;
/*!40101 SET character_set_client = @saved_cs_client */;

--
-- Dumping data for table `low_category`
--

LOCK TABLES `low_category` WRITE;
/*!40000 ALTER TABLE `low_category` DISABLE KEYS */;
INSERT INTO `low_category` VALUES (1,0,'지식 및 학문 일반'),(3,0,'이론 체계 및 시스템'),(4,0,'컴퓨터과학'),(5,0,'프로그래밍, 프로그램, 데이터'),(11,10,'저작'),(12,10,'필사본, 판본, 제본'),(13,10,'출판 및 판매'),(14,10,'개인서지 및 목록'),(15,10,'국가별 서지 및 목록'),(16,10,'주제별 서지 및 목록'),(17,10,'특수서지 및 목록'),(18,10,'일반서지 및 목록'),(19,10,'장서목록'),(21,20,'도서관 행정 및 재정'),(22,20,'도서관 건축 및 설비'),(23,20,'도서관 경영, 관리'),(24,20,'수서, 정리 및 보존'),(25,20,'도서관 봉사 및 활동'),(26,20,'일반도서관'),(27,20,'학교 및 대학 도서관'),(28,20,'기록관리'),(29,20,'독서 및 정보매체의 이용'),(31,30,'한국어'),(32,30,'중국어'),(33,30,'일본어'),(34,30,'영어'),(35,30,'독일어'),(36,30,'프랑스어'),(37,30,'스페인어'),(38,30,'이탈리아어'),(39,30,'기타 제언어'),(41,40,'한국어'),(42,40,'중국어'),(43,40,'일본어'),(44,40,'영어'),(45,40,'독일어'),(46,40,'프랑스어'),(47,40,'스페인어'),(48,40,'이탈리아어'),(49,40,'기타 제언어'),(51,50,'한국어'),(52,50,'중국어'),(53,50,'일본어'),(54,50,'영어'),(55,50,'독일어'),(56,50,'프랑스어'),(57,50,'스페인어'),(58,50,'기타 제언어'),(59,50,'연감'),(61,60,'아시아'),(62,60,'유럽'),(63,60,'아프리카'),(64,60,'북아메리카'),(65,60,'남아메리카'),(66,60,'오세아니야, 양극지방'),(67,60,'일반지역'),(68,60,'해양'),(69,60,'박물관학'),(71,70,'아시아'),(72,70,'유럽'),(73,70,'아프리카'),(74,70,'북아메리카'),(75,70,'남아메리카'),(76,70,'오세아니아, 양극지방'),(77,70,'일반지역'),(78,70,'특정주제의 신문'),(81,80,'개인의 일반전집'),(82,80,'2인 이상의 일반 전집, 총서'),(101,100,'철학 및 이론의 효용'),(102,100,'잡저'),(103,100,'사전(辭典), 사전(事典), 용어사전'),(104,100,'강연집, 수필집'),(105,100,'연속간행물'),(106,100,'학회, 단체, 협회, 기관, 회의'),(107,100,'지도법, 연구법 및 교육, 교육자료'),(108,100,'총서, 전집, 선집'),(109,100,'철학사'),(111,110,'방법론'),(112,110,'존재론'),(113,110,'우주론 및 자연철학'),(114,110,'공간'),(115,110,'시간'),(116,110,'운동과 변화'),(117,110,'구조'),(118,110,'힘과 에너지'),(119,110,'물질과 질량'),(121,120,'인식론'),(122,120,'인과론'),(123,120,'자유 및 필연'),(124,120,'목적론'),(125,120,'가치론'),(126,120,'철학적 인간학'),(131,130,'관념론 및 연관철학'),(132,130,'비판철학'),(133,130,'합리론'),(134,130,'인문주의'),(135,130,'경험론'),(136,130,'자연주의'),(137,130,'유물론'),(138,130,'과학주의'),(139,130,'기타'),(141,140,'역류(한역)'),(142,140,'서류'),(143,140,'시류'),(144,140,'예류'),(145,140,'악류'),(146,140,'춘추류'),(147,140,'효경'),(148,140,'사서'),(151,150,'한국 철학, 사상'),(152,150,'중국 철학, 사상'),(153,150,'일본 철학, 사상'),(154,150,'동남아시아 제국 철학, 사상'),(155,150,'인도 철학, 사상'),(156,150,'중앙아시아 제국 철학, 사상'),(157,150,'시베리아 철학, 사상'),(158,150,'서남아시아 제국 철학, 사상'),(159,150,'아라비아반도 철학, 사상'),(162,160,'미국철학'),(163,160,'북구철학'),(164,160,'영국철학'),(165,160,'독일, 오스트리아 철학'),(166,160,'프랑스, 네덜란드 철학'),(167,160,'스페인철학'),(168,160,'이탈리아철학'),(169,160,'러시아철학'),(171,170,'연역법'),(172,170,'귀납법'),(173,170,'번증법적 논리학'),(174,170,'기호, 수리 논리학'),(175,170,'오류'),(176,170,'삼단논법'),(177,170,'가설, 가정'),(178,170,'유추'),(179,170,'논증, 설득'),(181,180,'심리학각론'),(182,180,'차이심리학'),(183,180,'발달심리학'),(184,180,'이상심리학'),(185,180,'생리심리학'),(186,180,'임상심리학'),(187,180,'심령연구 및 비학, 초심리학'),(188,180,'상법, 운명판단'),(189,180,'응용심리학 일반'),(191,190,'일반윤리학 각론'),(192,190,'가정윤리'),(193,190,'국가 및 정치윤리'),(194,190,'사회윤리'),(195,190,'직업윤리 일반'),(196,190,'오락 및 경기윤리'),(197,190,'성윤리 및 생식윤리'),(198,190,'소비윤리'),(199,190,'도덕훈, 교훈'),(201,200,'종교철학 및 종교사상'),(202,200,'잡저'),(203,200,'사전(辭典), 사전(事典)'),(204,200,'자연종교, 자연신학'),(205,200,'연속간행물'),(206,200,'학회, 단체, 협회, 기관, 회의'),(207,200,'지도법, 연구법 및 교육, 교육자료'),(208,200,'총서, 전집, 선집'),(209,200,'종교사'),(211,210,'교리'),(212,210,'종교창시자(교주) 및 제자'),(213,210,'경전, 성전'),(214,210,'종교신앙, 신앙록, 신앙활동, 수도생활'),(215,210,'선교, 포교, 전도, 교육활동'),(216,210,'종단, 교단(교당론)'),(217,210,'예배형식, 의식, 의례'),(218,210,'종파, 교파'),(219,210,'신화, 신화학'),(221,220,'불교교리'),(222,220,'부처, 보살, 불제자'),(223,220,'경전(불전, 불경, 대장경)'),(224,220,'종교신앙, 신앙록, 신앙생활'),(225,220,'포교, 교육, 교화활동'),(226,220,'사원론'),(227,220,'법회, 의식, 행사(의궤)'),(228,220,'종파'),(229,220,'라마교'),(231,230,'기독교신학, 교의학(조직신학)'),(232,230,'예수 그리스도, 사도'),(233,230,'성서(성경)'),(234,230,'종교신앙, 신앙록, 신앙생활'),(235,230,'전도, 교육, 교화 활동, 목회학'),(236,230,'교회론'),(237,230,'예배, 의식, 성례'),(238,230,'교파'),(239,230,'유대교(유태교)'),(241,240,'교의, 신선사상'),(242,240,'교주, 개조(장도릉)'),(243,240,'도장'),(244,240,'신앙록, 신앙생활'),(245,240,'포교, 전도, 교육, 교육 활동'),(246,240,'사원론(도관)'),(247,240,'행사, 법술'),(248,240,'교파'),(251,250,'교리'),(252,250,'종교창시자(교주) 및 제자'),(253,250,'경전, 성전'),(254,250,'신앙록, 신앙생활, 수도생활'),(255,250,'선교, 포교, 전도, 교육 활동'),(256,250,'종단, 교단(교단론)'),(257,250,'예배형식, 의식, 의례'),(258,250,'동학교분파'),(259,250,'단군교, 대종교'),(271,270,'교리, 교의'),(272,270,'창시자(교주) 및 제자'),(273,270,'경전, 성전'),(274,270,'신앙록, 신앙생활, 수도생활'),(275,270,'선교, 포교, 전도, 교육 활동'),(276,270,'종단, 교단'),(277,270,'예배형식, 의식, 의례'),(278,270,'종파, 교파'),(279,270,'자이나교'),(281,280,'교리, 교의'),(282,280,'교창시자(교주) 및 제자'),(283,280,'경전, 성전'),(284,280,'신앙록, 신앙생활, 수도생활'),(285,280,'선교, 포교, 전도, 교육 활동'),(286,280,'종단, 교단'),(287,280,'예배형식, 의식, 의례'),(288,280,'종파, 교파'),(289,280,'조로아스터교(요교, 배화교)'),(291,290,'아시아'),(292,290,'유럽'),(293,290,'아프리카'),(294,290,'북아메리카'),(295,290,'남아메리카'),(296,290,'오세아니아, 양극지방'),(299,290,'기타 다른 기원의 종교'),(301,300,'사회사상'),(302,300,'잡저'),(303,300,'사전(辭典), 사전(事典)'),(304,300,'강연집, 수필집, 연설문집'),(305,300,'연속간행물'),(306,300,'학회, 단체, 협회, 기관, 회의'),(307,300,'연구법, 연구방법 및 교육, 교육자료'),(308,300,'총서, 전집, 선집'),(309,300,'사회·문화 사정'),(311,310,'아시아'),(312,310,'유럽'),(313,310,'아프리카'),(314,310,'북아메리카'),(315,310,'남아메리카'),(316,310,'오세아니아, 양극지방'),(317,310,'일반지역'),(319,310,'인구통계'),(321,320,'경제각론'),(322,320,'경제정책'),(323,320,'산업경제, 일반'),(324,320,'기업경제'),(325,320,'경영'),(326,320,'상업, 교통, 통신'),(327,320,'금융'),(328,320,'보험'),(329,320,'재정'),(331,330,'사회학'),(332,330,'사회 조직 및 제도'),(334,330,'사회문제'),(335,330,'생활문제'),(337,330,'여성문제'),(338,330,'사회복지'),(339,330,'사회단체'),(341,340,'국가형태'),(342,340,'국가와 개인 및 집단'),(344,340,'선거'),(345,340,'입법'),(346,340,'정당'),(349,340,'외교, 국제관계'),(351,350,'아시아'),(352,350,'유럽'),(353,350,'아프리카'),(354,350,'북아메리카'),(355,350,'남아메리카'),(356,350,'오세아니아, 양극지방'),(357,350,'일반지역'),(359,350,'지방자치 및 지방행정'),(361,360,'국제법'),(362,360,'헌법'),(363,360,'행정법'),(364,360,'형법'),(365,360,'민법'),(366,360,'상법'),(367,360,'사법제도 및 소송법'),(368,360,'기타 제법'),(369,360,'각국 법 및 예규'),(371,370,'교육 정책 및 행정'),(372,370,'학교 행정 및 경영, 보건 및 교육지도'),(373,370,'학습지도, 교육방법'),(374,370,'교육과정'),(375,370,'유아 및 초등교육'),(376,370,'중등교육'),(377,370,'대학, 전문, 고등 교육'),(378,370,'평생교육'),(379,370,'특수교육'),(381,380,'의식주의 풍습'),(382,380,'연령별, 성별, 신분별, 사회계층의 풍습'),(383,380,'사회생활의 풍습'),(384,380,'관혼상제'),(385,380,'예절'),(386,380,'축제, 세시풍속'),(388,380,'민속학'),(389,380,'문화인류학'),(391,390,'군사행정'),(392,390,'전략, 전술'),(393,390,'군사 교육 및 훈련'),(394,390,'군사 시설 및 장비'),(395,390,'군특수기술근무'),(396,390,'육군'),(397,390,'해군'),(398,390,'공군'),(399,390,'고대병법'),(401,400,'철학 및 이론'),(402,400,'잡저(편람, 제표, 서지, 인명록)'),(403,400,'사전, 백과사전'),(404,400,'강연집, 수필집, 연설문집'),(405,400,'연속간행물'),(406,400,'학회, 단체, 기관, 회의'),(407,400,'지도법, 연구법 및 교육, 교육자료'),(408,400,'전집, 총서'),(409,400,'과학사'),(411,410,'산수'),(412,410,'대수학'),(413,410,'통계학'),(414,410,'해석학'),(415,410,'기하학'),(416,410,'위상수학'),(417,410,'삼각법'),(418,410,'해석기하학'),(419,410,'기타 산법'),(421,420,'고체역학'),(422,420,'유체역학'),(423,420,'기체역학'),(424,420,'음향학, 진동학'),(425,420,'광학'),(426,420,'열학'),(427,420,'전기학 및 전자학'),(428,420,'자기'),(429,420,'현대물리학'),(431,430,'이론화학과 물리화학'),(432,430,'화학 실험실, 기기, 시설'),(433,430,'분석화학'),(434,430,'합성화학 일반'),(435,430,'무기화학'),(436,430,'금속원소와 그 화합물'),(437,430,'유기화학'),(438,430,'고리형화합물'),(439,430,'고분자화합물과 기타 유기물'),(441,440,'이론천문학'),(442,440,'실지천문학'),(443,440,'기술천문학'),(445,440,'지구'),(446,440,'측지학'),(447,440,'항해천문학'),(448,440,'역법, 측시법'),(449,440,'각국의 역'),(451,450,'지구물리학'),(452,450,'지형학'),(453,450,'기상학, 기후학'),(454,450,'해양학'),(455,450,'구조지질학'),(456,450,'지사학'),(457,450,'고생물학(화석학)'),(458,450,'응용지질학 일반 및 광상학'),(459,450,'암석학'),(461,460,'원소광물'),(462,460,'황화광물'),(463,460,'할로겐화광물'),(464,460,'산화광물'),(465,460,'규산 및 규산염광물'),(466,460,'기타 산화물을 포함한 광물'),(467,460,'유기광물'),(469,460,'결정학'),(471,470,'인류학'),(472,470,'생물학'),(473,470,'생명론, 생물철학'),(474,470,'세포학(세포생물학)'),(475,470,'미생물학'),(476,470,'생물진화'),(477,470,'생물지리학'),(478,470,'현미경 및 현미경검사법 일반'),(479,470,'생물 채집 및 보존'),(481,480,'일반 식물학'),(482,480,'은화식물'),(483,480,'엽상식물'),(484,480,'조균류'),(485,480,'현화식물, 종자식물'),(486,480,'나자식물'),(487,480,'피자식물'),(488,480,'단자엽식물'),(489,480,'쌍자엽식물'),(491,490,'일반 동물학'),(492,490,'무척추동물'),(493,490,'원생동물, 해면동물, 자포동물, 선형동물'),(494,490,'연체동물, 의연체동물'),(495,490,'절지동물, 곤충류'),(496,490,'척삭(척색)동물'),(497,490,'어류, 양서류, 파충류'),(498,490,'조류'),(499,490,'포유류'),(501,500,'기술 철학 및 이론'),(502,500,'잡저'),(503,500,'사전, 백과사전, 용어집'),(504,500,'강연집, 수필집, 연설문집'),(505,500,'연속간행물'),(506,500,'학회, 단체, 기관, 회의'),(507,500,'연구법 및 교육지도법'),(508,500,'전집, 총서'),(509,500,'기술사'),(511,510,'기초의학'),(512,510,'임상의학 일반'),(513,510,'내과학'),(514,510,'외과'),(515,510,'치과의학, 이비인후과학, 안과학 및 기타 임상의학'),(516,510,'산부인과, 소아과학'),(517,510,'건강증진, 공중보건 및 예방의학'),(518,510,'약학'),(519,510,'한의학'),(521,520,'농업기초학'),(522,520,'농업경제'),(523,520,'재배 및 보호'),(524,520,'작물학'),(525,520,'원예'),(526,520,'임학, 임업'),(527,520,'축산학'),(528,520,'수의학'),(529,520,'수산업, 생물자원의 보호, 수렵업'),(531,530,'토목공학'),(532,530,'토목역학, 토목재료'),(533,530,'측량'),(534,530,'도로공학'),(535,530,'철도공학'),(536,530,'교량공학'),(537,530,'수리공학'),(538,530,'항만공학'),(539,530,'위생, 도시, 환경 공학'),(541,540,'건축재료'),(542,540,'건축 시공 및 적산'),(543,540,'구조역학 및 건축일반구조'),(544,540,'친환경건축 및 특정목적건축'),(545,540,'건물 세부구조'),(546,540,'건축환경, 설비, 배관 및 파이프 부설'),(547,540,'난방, 환기 및 공기조화 공학'),(548,540,'건축마감 및 인테리어'),(549,540,'각종 건물'),(551,550,'기계 역학, 요소 및 설계'),(552,550,'공구와 가공장비'),(553,550,'열공학과 원동기'),(554,550,'유체역학, 공기역학, 전공학'),(555,550,'정밀기계'),(556,550,'자동차공학'),(557,550,'철도차량, 기관차'),(558,550,'항공우주공학, 우주항법학'),(559,550,'기타공학'),(561,560,'전기 회로, 계측, 재료'),(562,560,'전기 기계 및 기구'),(563,560,'발전'),(564,560,'송전, 배전'),(565,560,'전등, 조명, 전열'),(567,560,'통신공학'),(568,560,'무선공학'),(569,560,'전자공학'),(571,570,'공업화학약품'),(572,570,'폭발물, 연료 공업'),(573,570,'음료기술'),(574,570,'식품공학'),(575,570,'납, 유지, 석유, 가스 공업'),(576,570,'요업 및 관련공업'),(577,570,'세탁, 염색 및 관련공업'),(578,570,'고분자화학공업'),(579,570,'기타 유기화학공업'),(581,580,'금속 제조 및 가공업'),(582,580,'철 및 강철 제품'),(583,580,'철기류 및 소규모철공'),(584,580,'제재업, 목공업, 목제품'),(585,580,'피혁 및 모피 공업'),(586,580,'펄프, 종이 및 관련공업'),(587,580,'직물 및 섬유 공업'),(588,580,'의류제조'),(589,580,'소형상품제조'),(591,590,'가정관리 및 가정생활'),(592,590,'의복'),(593,590,'몸치장(몸단장), 화장'),(594,590,'식품과 음료'),(595,590,'주택관리 및 가정설비'),(596,590,'공동주거용 주택 시설관리'),(597,590,'가정위생'),(598,590,'육아'),(601,600,'미술이론, 미학'),(602,600,'미술 재료 및 기법'),(603,600,'미술 용어사전, 백과사전'),(604,600,'미술의 주제'),(605,600,'미술연속간행물'),(606,600,'미술분야의 학회, 단체, 기관, 회의'),(607,600,'미술의 지도법, 연구법 및 교육, 교육자료'),(608,600,'미술 전집, 총서'),(609,600,'미술사'),(622,620,'조소 재료 및 기법'),(623,620,'목조'),(624,620,'석조'),(625,620,'금동조'),(626,620,'점토조소, 소조'),(627,620,'기타 재료'),(628,620,'전각, 인장'),(629,620,'제상'),(631,630,'도자공예, 유리공예'),(632,630,'금속공예'),(633,630,'보석, 갑각, 패류, 알 공예'),(634,630,'목, 죽, 화훼, 왕골 공예'),(635,630,'칠공예'),(636,630,'염직물공예, 섬유공예'),(637,630,'고무, 플라스틱 공예'),(638,630,'미술가구'),(641,640,'한자서체'),(642,640,'한자서법'),(643,640,'한글서체'),(644,640,'기타 서법'),(646,640,'펜습자'),(647,640,'낙관, 수결(서명)'),(648,640,'서보, 서첩, 법첩'),(649,640,'문방구'),(651,650,'채색 이론 및 실제'),(652,650,'회화의 재료 및 기법'),(653,650,'시대별 및 국별 회화'),(654,650,'주제별 회화'),(656,650,'소묘, 도화'),(657,650,'만화, 삽화'),(658,650,'디자인'),(659,650,'판화'),(661,660,'사진기, 사진재료'),(662,660,'사진촬영기술'),(663,660,'음화처리'),(664,660,'양화처리(인화)'),(666,660,'특수사진술'),(667,660,'사진응용'),(668,660,'사진집'),(671,670,'음악 이론 및 기법'),(672,670,'종교음악'),(673,670,'성악'),(674,670,'극음악, 오페라'),(675,670,'기악합주'),(676,670,'건반악기 및 타악기'),(677,670,'현악기'),(678,670,'관악기(취주악기)'),(679,670,'한국음악 및 동양전통음악'),(681,680,'극장, 제작, 연출, 연기'),(682,680,'연희'),(684,680,'각종 연극'),(685,680,'무용, 발레'),(686,680,'라디오극(방송극) 및 음성(소리)매체 예술'),(687,680,'텔레비전극 및 시청각매체 방송 예술'),(688,680,'영화'),(689,680,'대중연예'),(691,690,'오락'),(692,690,'체육학, 스포츠'),(693,690,'체조, 놀이'),(694,690,'육상경기'),(695,690,'구기'),(696,690,'수상경기, 공중경기'),(697,690,'동계스포츠'),(698,690,'무예 및 기타 경기'),(699,690,'기타 오락 및 레저스포츠'),(701,700,'언어학'),(702,700,'잡저'),(703,700,'사전'),(704,700,'강연집, 수필집'),(705,700,'연속간행물'),(706,700,'학회, 단체, 기관, 회의'),(707,700,'지도법, 연구법 및 교육, 교육자료'),(708,700,'전집, 총서'),(709,700,'언어사 및 언어정책, 언어행정'),(711,710,'음운, 음성, 문자'),(712,710,'어원, 어의'),(713,710,'사전'),(714,710,'어휘'),(715,710,'문법'),(716,710,'작문'),(717,710,'독본, 해석, 회화'),(718,710,'방언(사투리)'),(721,720,'음운, 음성, 문자'),(722,720,'어원, 어의'),(723,720,'사전'),(724,720,'어휘'),(725,720,'문법, 어법'),(726,720,'작문'),(727,720,'독본, 해석, 회화'),(728,720,'방언(사투리)'),(731,730,'음운, 음성, 문자'),(732,730,'어원, 어의'),(733,730,'사전'),(734,730,'어휘'),(735,730,'문법, 어법'),(736,730,'작문'),(737,730,'독본, 해석, 회화'),(738,730,'방언(사투리)'),(739,730,'기타 아시아 제어'),(741,740,'음운, 음성, 문자'),(742,740,'어원, 어의'),(743,740,'사전'),(744,740,'어휘'),(745,740,'문법'),(746,740,'작문'),(747,740,'독본, 해석, 회화'),(748,740,'방언(사투리)'),(749,740,'앵글로색슨어'),(751,750,'음운, 음성, 문자'),(752,750,'어원, 어의'),(753,750,'사전'),(754,750,'어휘'),(755,750,'문법'),(756,750,'작문'),(757,750,'독본, 해석, 회화'),(758,750,'방언(사투리)'),(759,750,'기타 게르만어파'),(761,760,'음운, 음성, 문자'),(762,760,'어원, 어의'),(763,760,'사전'),(764,760,'어휘'),(765,760,'문법'),(766,760,'작문'),(767,760,'독본, 해석, 회화'),(768,760,'방언(사투리)'),(769,760,'프로방스어'),(771,770,'음운, 음성, 문자'),(772,770,'어원, 어의'),(773,770,'사전'),(774,770,'어휘'),(775,770,'문법'),(776,770,'작문'),(777,770,'독본, 해석, 회화'),(778,770,'방언(사투리)'),(779,770,'포르투갈어'),(781,780,'음운, 음성, 문자'),(782,780,'어원, 어의'),(783,780,'사전'),(784,780,'어휘'),(785,780,'문법'),(786,780,'작문'),(787,780,'독본, 해석, 회화'),(788,780,'방언(사투리)'),(789,780,'루마니아어'),(792,790,'인도-유럽어족'),(793,790,'아프리카 제어'),(794,790,'북아메리카 인디언어'),(795,790,'남아메리카 인디언어'),(796,790,'오스트로네시아어족'),(797,790,'셈어족(셈어파)'),(798,790,'함어족(함어파)'),(799,790,'국제어(인공어) 및 기타 언어'),(801,800,'문학이론'),(802,800,'문장작법, 수사학'),(803,800,'사전(辭典), 사전(事典)'),(804,800,'수필집, 강연집'),(805,800,'연속간행물'),(806,800,'학회, 단체, 기관, 회의'),(807,800,'지도법 및 연구법, 교육, 교육자료'),(808,800,'전집, 총서'),(809,800,'문학사, 평론'),(811,810,'시'),(812,810,'희곡'),(813,810,'소설'),(814,810,'수필'),(815,810,'연설, 웅변'),(816,810,'일기, 서간, 기행'),(817,810,'풍자 및 유머'),(818,810,'르포르타주 및 기타'),(821,820,'시'),(822,820,'희곡'),(823,820,'소설'),(824,820,'수필'),(825,820,'연설, 웅변'),(826,820,'일기, 서간, 기행'),(827,820,'풍자 및 유머'),(828,820,'르포르타주 및 기타'),(831,830,'시'),(832,830,'희곡'),(833,830,'소설'),(834,830,'수필'),(835,830,'연설, 웅변'),(836,830,'일기, 서간, 기행'),(837,830,'풍자 및 유머'),(838,830,'르포르타주 및 기타'),(839,830,'기타 아시아 제문학'),(841,840,'시'),(842,840,'희곡'),(843,840,'소설'),(844,840,'수필'),(845,840,'연설, 웅변'),(846,840,'일기, 서간, 기행'),(847,840,'풍자 및 유머'),(848,840,'르포르타주 및 기타'),(849,840,'미국문학'),(851,850,'시'),(852,850,'희곡'),(853,850,'소설'),(854,850,'수필'),(855,850,'연설, 웅변'),(856,850,'일기, 서간, 기행'),(857,850,'풍자 및 유머'),(858,850,'르포르타주 및 기타'),(859,850,'기타 게르만문학'),(861,860,'시'),(862,860,'희곡'),(863,860,'소설'),(864,860,'수필'),(865,860,'연설, 웅변'),(866,860,'일기, 서간, 기행'),(867,860,'풍자 및 유머'),(868,860,'르포르타주 및 기타'),(869,860,'프로방스문학'),(871,870,'시'),(872,870,'희곡'),(873,870,'소설'),(874,870,'수필'),(875,870,'연설, 웅변'),(876,870,'일기, 서간, 기행'),(877,870,'풍자 및 유머'),(878,870,'르포르타주 및 기타'),(879,870,'포르투갈문학'),(881,880,'시'),(882,880,'희곡'),(883,880,'소설'),(884,880,'수필'),(885,880,'연설, 웅변'),(886,880,'일기, 서간, 기행'),(887,880,'풍자 및 유머'),(888,880,'르포르타주 및 기타'),(889,880,'루마니아문학'),(892,890,'인도-유럽계문학'),(893,890,'아프리카 제문학'),(894,890,'북아메리카 인디언문학'),(895,890,'남아메리카 인디언문학'),(896,890,'오스트로네시아문학'),(897,890,'셈족문학'),(898,890,'함족문학'),(899,890,'기타 문학'),(901,900,'역사 철학 및 이론'),(902,900,'역사보조학'),(903,900,'사전(辭典), 사전(事典)'),(904,900,'강연집, 사평'),(905,900,'연속간행물'),(906,900,'학회, 단체, 기관, 회의'),(907,900,'지도법, 연구법 및 교육, 교육자료'),(908,900,'전집, 총서'),(909,900,'세계사, 세계문화사'),(911,910,'한국'),(912,910,'중국'),(913,910,'일본'),(914,910,'동남아시아'),(915,910,'인디아와 남부아시아'),(916,910,'중앙아시아'),(917,910,'시베리아'),(918,910,'서남아시아, 중동'),(919,910,'아라비아반도와 인접지역'),(921,920,'고대 그리스(희랍고대사)'),(922,920,'고대 로마'),(923,920,'스칸디나비아'),(924,920,'영국, 아일랜드'),(925,920,'독일과 중앙유럽'),(926,920,'프랑스와 인접국가'),(927,920,'스페인과 인접국가'),(928,920,'이탈리아와 인접국가'),(929,920,'러시아와 동부유럽'),(931,930,'북아프리카'),(934,930,'서아프리카'),(936,930,'중앙아프리카'),(937,930,'동아프리카'),(938,930,'남아프리카'),(939,930,'남인도양제도'),(941,940,'캐나다'),(942,940,'미국(미합중국)'),(943,940,'멕시코'),(944,940,'중앙아메리카(중미제국)'),(945,940,'과테말라, 벨리즈, 엘살바도르'),(946,940,'온두라스'),(947,940,'니카라과'),(948,940,'코스타리카, 파나마'),(949,940,'서인도제도'),(951,950,'콜롬비아'),(952,950,'베네수엘라와 기아나 지역'),(953,950,'브라질'),(954,950,'에콰도르'),(955,950,'페루'),(956,950,'볼리비아'),(957,950,'파라과이, 우루과이'),(958,950,'아르헨티나'),(959,950,'칠레'),(962,960,'오스트레일리아(호주)'),(963,960,'뉴질랜드'),(964,960,'파푸아뉴기니'),(965,960,'멜라네시아'),(966,960,'미크로네시아와 인접국가'),(967,960,'폴리네시아와 하와이'),(968,960,'대서양제도'),(969,960,'양극지방'),(981,980,'아시아지리'),(982,980,'유럽지리'),(983,980,'아프리카지리'),(984,980,'북아메리카지리'),(985,980,'남아메리카지리'),(986,980,'오세아니아지리와 양극 지리'),(987,980,'지역구분 일반지리'),(988,980,'해양'),(989,980,'지도 및 지도책'),(991,990,'아시아전기'),(992,990,'유럽전기'),(993,990,'아프리카전기'),(994,990,'북아메리카전기'),(995,990,'남아메리카전기'),(996,990,'오세아니아와 양극 전기'),(998,990,'주제별 전기'),(999,990,'계보, 족보');
/*!40000 ALTER TABLE `low_category` ENABLE KEYS */;
UNLOCK TABLES;

--
-- Table structure for table `middle_category`
--

DROP TABLE IF EXISTS `middle_category`;
/*!40101 SET @saved_cs_client     = @@character_set_client */;
/*!50503 SET character_set_client = utf8mb4 */;
CREATE TABLE `middle_category` (
  `mid_category` int NOT NULL,
  `top_category` int NOT NULL,
  `mid_category_name` varchar(255) DEFAULT NULL,
  PRIMARY KEY (`mid_category`),
  KEY `top_category` (`top_category`),
  CONSTRAINT `middle_category_ibfk_1` FOREIGN KEY (`top_category`) REFERENCES `top_category` (`top_category`)
) ENGINE=InnoDB DEFAULT CHARSET=utf8mb3;
/*!40101 SET character_set_client = @saved_cs_client */;

--
-- Dumping data for table `middle_category`
--

LOCK TABLES `middle_category` WRITE;
/*!40000 ALTER TABLE `middle_category` DISABLE KEYS */;
INSERT INTO `middle_category` VALUES (0,0,'총류'),(10,0,'도서학, 서지학'),(20,0,'문헌정보학'),(30,0,'백과사전'),(40,0,'강연집, 수필집, 연설문집'),(50,0,'일반연속간행물'),(60,0,'일반 학회, 단체, 협회, 기관, 연구기관'),(70,0,'신문, 저널리즘'),(80,0,'일반 전집, 총서'),(100,100,'철학'),(110,100,'형이상학'),(120,100,'인식론, 인과론, 인간학'),(130,100,'철학의 체계'),(140,100,'경학'),(150,100,'동양철학, 동양사상'),(160,100,'서양철학'),(170,100,'논리학'),(180,100,'심리학'),(190,100,'윤리학, 도덕철학'),(200,200,'종교'),(210,200,'비교종교'),(220,200,'불교'),(230,200,'기독교'),(240,200,'도교'),(250,200,'천도교'),(270,200,'힌두교, 브라만교'),(280,200,'이슬람교(회교)'),(290,200,'기타 제종교'),(300,300,'사회과학'),(310,300,'통계자료'),(320,300,'경제학'),(330,300,'사회학, 사회문제'),(340,300,'정치학'),(350,300,'행정학'),(360,300,'법률, 법학'),(370,300,'교육학'),(380,300,'풍습, 예절, 민속학'),(390,300,'국방, 군사학'),(400,400,'자연과학'),(410,400,'수학'),(420,400,'물리학'),(430,400,'화학'),(440,400,'천문학'),(450,400,'지학'),(460,400,'광물학'),(470,400,'생명과학'),(480,400,'식물학'),(490,400,'동물학'),(500,500,'기술과학'),(510,500,'의학'),(520,500,'농업, 농학'),(530,500,'공학, 공업일반, 토목공학, 환경공학'),(540,500,'건축, 건축학'),(550,500,'기계공학'),(560,500,'전기공학, 통신공학, 전자공학'),(570,500,'화학공학'),(580,500,'제조업'),(590,500,'생활과학'),(600,600,'예술'),(620,600,'조각, 조형미술'),(630,600,'공예'),(640,600,'서예'),(650,600,'회화, 도화, 디자인'),(660,600,'사진예술'),(670,600,'음악'),(680,600,'공연예술, 매체예술'),(690,600,'오락, 스포츠'),(700,700,'언어'),(710,700,'한국어'),(720,700,'중국어'),(730,700,'일본어 및 기타 아시아 제어'),(740,700,'영어'),(750,700,'독일어'),(760,700,'프랑스어'),(770,700,'스페인어 및 포르투갈어'),(780,700,'이탈리아어'),(790,700,'기타 제어'),(800,800,'문학'),(810,800,'한국문학'),(820,800,'중국문학'),(830,800,'일본문학 및 기타 아시아 제문학'),(840,800,'영미문학'),(850,800,'독일문학'),(860,800,'프랑스 문학'),(870,800,'스페인 및 포르투갈 문학'),(880,800,'이탈리아 문학'),(890,800,'기타 제문학'),(900,900,'역사'),(910,900,'아시아'),(920,900,'유럽'),(930,900,'아프리카'),(940,900,'북아메리카'),(950,900,'남아메리카'),(960,900,'오세아니아, 양극지방'),(980,900,'지리'),(990,900,'전기');
/*!40000 ALTER TABLE `middle_category` ENABLE KEYS */;
UNLOCK TABLES;

--
-- Table structure for table `order`
--

DROP TABLE IF EXISTS `order`;
/*!40101 SET @saved_cs_client     = @@character_set_client */;
/*!50503 SET character_set_client = utf8mb4 */;
CREATE TABLE `order` (
  `order_id` varchar(255) NOT NULL,
  `id_for_admin` varchar(255) NOT NULL,
  `total_product_category` int DEFAULT NULL,
  `total_product_quantity` int DEFAULT NULL,
  `total_paid_price` int DEFAULT NULL,
  `order_date` datetime DEFAULT NULL,
  `order_status` enum('ORDER_REQUESTED','ORDER_FAILED','ORDER_COMPLETED','PREPARING_PRODUCT','SHIPPING','DELIVERED','CANCEL_COMPLETED') DEFAULT NULL COMMENT '주문상태: 주문요청/주문실패/주문완료/상품준비중/배송중/배송완료/주문취소완료',
  `update_date` datetime DEFAULT NULL,
  PRIMARY KEY (`order_id`,`id_for_admin`),
  KEY `fk_user_to_order_1` (`id_for_admin`),
  CONSTRAINT `fk_user_to_order_1` FOREIGN KEY (`id_for_admin`) REFERENCES `user` (`id_for_admin`)
) ENGINE=InnoDB DEFAULT CHARSET=utf8mb3;
/*!40101 SET character_set_client = @saved_cs_client */;

--
-- Dumping data for table `order`
--

LOCK TABLES `order` WRITE;
/*!40000 ALTER TABLE `order` DISABLE KEYS */;
INSERT INTO `order` VALUES ('OD20250711155314','U00001',1,3,59400,'2025-07-11 15:53:14','DELIVERED','2025-07-11 15:53:57'),('OD20250711155426','U00001',1,1,29700,'2025-07-11 15:54:26','DELIVERED','2025-07-11 15:55:12'),('OD20250711235206','U00003',1,1,15300,'2025-07-11 23:52:06','ORDER_FAILED','2025-07-11 23:53:11'),('OD20250711235316','U00003',2,2,35100,'2025-07-11 23:53:16','CANCEL_COMPLETED','2025-07-11 23:54:22'),('OD20250712133000','U00001',8,20,377900,'2025-07-12 13:30:00','DELIVERED','2025-07-12 13:30:14'),('OD20250712133113','U00001',1,3,89100,'2025-07-12 13:31:13','DELIVERED','2025-07-12 13:31:21'),('OD20250712133129','U00001',1,5,90000,'2025-07-12 13:31:29','DELIVERED','2025-07-12 13:31:36'),('OD20250712133149','U00001',1,1,19800,'2025-07-12 13:31:49','DELIVERED','2025-07-12 13:31:57'),('OD20250712153255','U00001',1,1,19800,'2025-07-12 15:32:55','DELIVERED','2025-07-12 15:33:00'),('OD20250712153305','U00001',1,5,99000,'2025-07-12 15:33:05','DELIVERED','2025-07-12 15:33:15'),('OD20250712153320','U00001',1,3,59400,'2025-07-12 15:33:20','ORDER_FAILED','2025-07-12 15:33:23'),('OD20250712153324','U00001',1,3,59400,'2025-07-12 15:33:24','DELIVERED','2025-07-12 15:33:30'),('OD20250712170723','U00001',1,1,19800,'2025-07-12 17:07:23','CANCEL_COMPLETED','2025-07-12 17:08:04'),('OD20250712170911','U00001',1,1,19800,'2025-07-12 17:09:11','ORDER_FAILED','2025-07-12 17:09:35'),('OD20250712172523','U00001',8,20,377900,'2025-07-12 17:25:23','CANCEL_COMPLETED','2025-07-12 17:25:30'),('OD20250712173858','U00001',1,1,19800,'2025-07-12 17:38:58','ORDER_COMPLETED','2025-07-12 17:39:04'),('OD20250712174632','U00001',1,1,19800,'2025-07-12 17:46:32','ORDER_FAILED','2025-07-12 17:46:34'),('OD20250712174644','U00001',1,1,19800,'2025-07-12 17:46:44','ORDER_COMPLETED','2025-07-12 17:46:48'),('OD20250713005843','U00001',1,1,5400,'2025-07-13 00:58:43','ORDER_COMPLETED','2025-07-13 00:58:49'),('OD20250713005941','U00001',1,1,5400,'2025-07-13 00:59:41','ORDER_COMPLETED','2025-07-13 00:59:50'),('OD20250713013104','U00001',1,2,36000,'2025-07-13 01:31:04','ORDER_FAILED','2025-07-13 01:31:06'),('OD20250713013108','U00001',1,1,18000,'2025-07-13 01:31:08','ORDER_COMPLETED','2025-07-13 01:31:14'),('OD20250713013528','U00001',1,1,21000,'2025-07-13 01:35:28','ORDER_COMPLETED','2025-07-13 01:35:35'),('OD20250713013550','U00001',1,2,39600,'2025-07-13 01:35:50','ORDER_COMPLETED','2025-07-13 01:35:56'),('OD20250713125057','U00002',1,3,54000,'2025-07-13 12:50:57','ORDER_COMPLETED','2025-07-13 12:51:02'),('OD20250713125107','U00002',1,1,8400,'2025-07-13 12:51:07','ORDER_COMPLETED','2025-07-13 12:51:13'),('OD20250713125122','U00002',1,2,39600,'2025-07-13 12:51:22','ORDER_FAILED','2025-07-13 12:51:25'),('OD20250713125127','U00002',1,1,21600,'2025-07-13 12:51:27','ORDER_COMPLETED','2025-07-13 12:51:33'),('OD20250713125139','U00002',1,3,45900,'2025-07-13 12:51:39','DELIVERED','2025-07-13 16:18:45'),('OD20250713125149','U00002',1,1,19200,'2025-07-13 12:51:49','DELIVERED','2025-07-13 13:31:35'),('OD20250713125237','U00002',1,1,29700,'2025-07-13 12:52:37','CANCEL_COMPLETED','2025-07-13 13:32:13'),('OD20250713163709','U00002',1,18,324000,'2025-07-13 16:37:09','ORDER_FAILED','2025-07-13 16:37:13');
/*!40000 ALTER TABLE `order` ENABLE KEYS */;
UNLOCK TABLES;

--
-- Table structure for table `order_detail`
--

DROP TABLE IF EXISTS `order_detail`;
/*!40101 SET @saved_cs_client     = @@character_set_client */;
/*!50503 SET character_set_client = utf8mb4 */;
CREATE TABLE `order_detail` (
  `order_id` varchar(255) NOT NULL,
  `id_for_admin` varchar(255) NOT NULL,
  `isbn` varchar(255) NOT NULL,
  `order_item_quantity` int DEFAULT NULL,
  `each_product_price` int DEFAULT NULL,
  `total_product_price` int DEFAULT NULL,
  PRIMARY KEY (`order_id`,`id_for_admin`,`isbn`),
  KEY `fk_product_to_order_detail_1` (`isbn`),
  CONSTRAINT `fk_order_to_order_detail` FOREIGN KEY (`order_id`, `id_for_admin`) REFERENCES `order` (`order_id`, `id_for_admin`),
  CONSTRAINT `fk_product_to_order_detail_1` FOREIGN KEY (`isbn`) REFERENCES `product` (`isbn`)
) ENGINE=InnoDB DEFAULT CHARSET=utf8mb3;
/*!40101 SET character_set_client = @saved_cs_client */;

--
-- Dumping data for table `order_detail`
--

LOCK TABLES `order_detail` WRITE;
/*!40000 ALTER TABLE `order_detail` DISABLE KEYS */;
INSERT INTO `order_detail` VALUES ('OD20250711155314','U00001','9791198987631',3,19800,59400),('OD20250711155426','U00001','9791194368137',1,29700,29700),('OD20250711235206','U00003','9788936434595',1,15300,15300),('OD20250711235316','U00003','9788936434595',1,15300,15300),('OD20250711235316','U00003','9791198987631',1,19800,19800),('OD20250712133000','U00001','9788932018743',2,22000,44000),('OD20250712133000','U00001','9788936472381',4,14850,59400),('OD20250712133000','U00001','9788954642395',1,16200,16200),('OD20250712133000','U00001','9788959897223',2,18000,36000),('OD20250712133000','U00001','9791193904152',6,18000,108000),('OD20250712133000','U00001','9791194368137',1,29700,29700),('OD20250712133000','U00001','9791194368311',3,21600,64800),('OD20250712133000','U00001','9791198987631',1,19800,19800),('OD20250712133113','U00001','9791194368137',3,29700,89100),('OD20250712133129','U00001','9788959897223',5,18000,90000),('OD20250712133149','U00001','9791198987631',1,19800,19800),('OD20250712153255','U00001','9791198987631',1,19800,19800),('OD20250712153305','U00001','9791198987631',5,19800,99000),('OD20250712153320','U00001','9791198987631',3,19800,59400),('OD20250712153324','U00001','9791198987631',3,19800,59400),('OD20250712170723','U00001','9791198987631',1,19800,19800),('OD20250712170911','U00001','9791198987631',1,19800,19800),('OD20250712172523','U00001','9788932018743',2,22000,44000),('OD20250712172523','U00001','9788936472381',4,14850,59400),('OD20250712172523','U00001','9788954642395',1,16200,16200),('OD20250712172523','U00001','9788959897223',2,18000,36000),('OD20250712172523','U00001','9791193904152',6,18000,108000),('OD20250712172523','U00001','9791194368137',1,29700,29700),('OD20250712172523','U00001','9791194368311',3,21600,64800),('OD20250712172523','U00001','9791198987631',1,19800,19800),('OD20250712173858','U00001','9791198987631',1,19800,19800),('OD20250712174632','U00001','9791198987631',1,19800,19800),('OD20250712174644','U00001','9791198987631',1,19800,19800),('OD20250713005843','U00001','9791142316760',1,5400,5400),('OD20250713005941','U00001','9791142316760',1,5400,5400),('OD20250713013104','U00001','9791193904152',2,18000,36000),('OD20250713013108','U00001','9791193904152',1,18000,18000),('OD20250713013528','U00001','9791193904152',1,18000,18000),('OD20250713013550','U00001','9791198987631',2,19800,39600),('OD20250713125057','U00002','9791193904152',3,18000,54000),('OD20250713125107','U00002','9791142316760',1,5400,5400),('OD20250713125122','U00002','9791198987631',2,19800,39600),('OD20250713125127','U00002','9791194368311',1,21600,21600),('OD20250713125139','U00002','9788936434595',3,15300,45900),('OD20250713125149','U00002','9788954642395',1,16200,16200),('OD20250713125237','U00002','9791194368137',1,29700,29700),('OD20250713163709','U00002','9788931934656',18,18000,324000);
/*!40000 ALTER TABLE `order_detail` ENABLE KEYS */;
UNLOCK TABLES;

--
-- Table structure for table `payment`
--

DROP TABLE IF EXISTS `payment`;
/*!40101 SET @saved_cs_client     = @@character_set_client */;
/*!50503 SET character_set_client = utf8mb4 */;
CREATE TABLE `payment` (
  `payment_id` varchar(255) NOT NULL,
  `order_id` varchar(255) NOT NULL,
  `id_for_admin` varchar(255) NOT NULL,
  `payment_method_id` varchar(255) NOT NULL,
  `payment_date` datetime DEFAULT NULL,
  `payment_status` enum('PAYMENT_ATTEMPT','PAYMENT_FAILED','PAYMENT_COMPLETED') DEFAULT NULL COMMENT '결제상태: 결제시도/결제실패/결제완료',
  `update_date` datetime DEFAULT NULL,
  PRIMARY KEY (`payment_id`),
  KEY `fk_order_to_payment` (`order_id`,`id_for_admin`),
  KEY `fk_payment_method_to_payment_1` (`payment_method_id`),
  CONSTRAINT `fk_order_to_payment` FOREIGN KEY (`order_id`, `id_for_admin`) REFERENCES `order` (`order_id`, `id_for_admin`),
  CONSTRAINT `fk_payment_method_to_payment_1` FOREIGN KEY (`payment_method_id`) REFERENCES `payment_method` (`payment_method_id`)
) ENGINE=InnoDB DEFAULT CHARSET=utf8mb3;
/*!40101 SET character_set_client = @saved_cs_client */;

--
-- Dumping data for table `payment`
--

LOCK TABLES `payment` WRITE;
/*!40000 ALTER TABLE `payment` DISABLE KEYS */;
INSERT INTO `payment` VALUES ('PM20250711155330','OD20250711155314','U00001','KP','2025-07-11 15:53:30','PAYMENT_COMPLETED','2025-07-11 15:53:57'),('PM20250711155428','OD20250711155426','U00001','KP','2025-07-11 15:54:28','PAYMENT_FAILED','2025-07-11 15:54:43'),('PM20250711155445','OD20250711155426','U00001','KP','2025-07-11 15:54:45','PAYMENT_COMPLETED','2025-07-11 15:55:12'),('PM20250711235324','OD20250711235316','U00003','KP','2025-07-11 23:53:24','PAYMENT_COMPLETED','2025-07-11 23:54:22'),('PM20250712133009','OD20250712133000','U00001','AC','2025-07-12 13:30:09','PAYMENT_COMPLETED','2025-07-12 13:30:14'),('PM20250712133118','OD20250712133113','U00001','AC','2025-07-12 13:31:18','PAYMENT_COMPLETED','2025-07-12 13:31:21'),('PM20250712133133','OD20250712133129','U00001','AC','2025-07-12 13:31:33','PAYMENT_COMPLETED','2025-07-12 13:31:36'),('PM20250712133153','OD20250712133149','U00001','AC','2025-07-12 13:31:53','PAYMENT_COMPLETED','2025-07-12 13:31:57'),('PM20250712153257','OD20250712153255','U00001','AC','2025-07-12 15:32:57','PAYMENT_COMPLETED','2025-07-12 15:33:00'),('PM20250712153309','OD20250712153305','U00001','AC','2025-07-12 15:33:09','PAYMENT_COMPLETED','2025-07-12 15:33:15'),('PM20250712153327','OD20250712153324','U00001','AC','2025-07-12 15:33:27','PAYMENT_COMPLETED','2025-07-12 15:33:30'),('PM20250712170738','OD20250712170723','U00001','KP','2025-07-12 17:07:38','PAYMENT_COMPLETED','2025-07-12 17:08:04'),('PM20250712172527','OD20250712172523','U00001','AC','2025-07-12 17:25:27','PAYMENT_COMPLETED','2025-07-12 17:25:30'),('PM20250712173900','OD20250712173858','U00001','AC','2025-07-12 17:39:00','PAYMENT_COMPLETED','2025-07-12 17:39:04'),('PM20250712174646','OD20250712174644','U00001','AC','2025-07-12 17:46:46','PAYMENT_COMPLETED','2025-07-12 17:46:48'),('PM20250713005845','OD20250713005843','U00001','AC','2025-07-13 00:58:45','PAYMENT_COMPLETED','2025-07-13 00:58:49'),('PM20250713005946','OD20250713005941','U00001','AC','2025-07-13 00:59:46','PAYMENT_COMPLETED','2025-07-13 00:59:50'),('PM20250713013111','OD20250713013108','U00001','AC','2025-07-13 01:31:11','PAYMENT_COMPLETED','2025-07-13 01:31:14'),('PM20250713013532','OD20250713013528','U00001','AC','2025-07-13 01:35:32','PAYMENT_COMPLETED','2025-07-13 01:35:35'),('PM20250713013553','OD20250713013550','U00001','AC','2025-07-13 01:35:53','PAYMENT_COMPLETED','2025-07-13 01:35:56'),('PM20250713125059','OD20250713125057','U00002','AC','2025-07-13 12:50:59','PAYMENT_COMPLETED','2025-07-13 12:51:02'),('PM20250713125110','OD20250713125107','U00002','AC','2025-07-13 12:51:10','PAYMENT_COMPLETED','2025-07-13 12:51:13'),('PM20250713125130','OD20250713125127','U00002','AC','2025-07-13 12:51:30','PAYMENT_COMPLETED','2025-07-13 12:51:33'),('PM20250713125140','OD20250713125139','U00002','AC','2025-07-13 12:51:40','PAYMENT_COMPLETED','2025-07-13 12:51:43'),('PM20250713125151','OD20250713125149','U00002','AC','2025-07-13 12:51:51','PAYMENT_COMPLETED','2025-07-13 12:51:54'),('PM20250713125240','OD20250713125237','U00002','AC','2025-07-13 12:52:40','PAYMENT_COMPLETED','2025-07-13 12:52:43');
/*!40000 ALTER TABLE `payment` ENABLE KEYS */;
UNLOCK TABLES;

--
-- Table structure for table `payment_method`
--

DROP TABLE IF EXISTS `payment_method`;
/*!40101 SET @saved_cs_client     = @@character_set_client */;
/*!50503 SET character_set_client = utf8mb4 */;
CREATE TABLE `payment_method` (
  `payment_method_id` varchar(255) NOT NULL,
  `payment_method_name` varchar(255) DEFAULT NULL,
  `is_active` tinyint(1) DEFAULT NULL,
  PRIMARY KEY (`payment_method_id`)
) ENGINE=InnoDB DEFAULT CHARSET=utf8mb3;
/*!40101 SET character_set_client = @saved_cs_client */;

--
-- Dumping data for table `payment_method`
--

LOCK TABLES `payment_method` WRITE;
/*!40000 ALTER TABLE `payment_method` DISABLE KEYS */;
INSERT INTO `payment_method` VALUES ('AC','무통장 입금',1),('KP','카카오페이',1);
/*!40000 ALTER TABLE `payment_method` ENABLE KEYS */;
UNLOCK TABLES;

--
-- Table structure for table `product`
--

DROP TABLE IF EXISTS `product`;
/*!40101 SET @saved_cs_client     = @@character_set_client */;
/*!50503 SET character_set_client = utf8mb4 */;
CREATE TABLE `product` (
  `isbn` varchar(255) NOT NULL,
  `low_category` int NOT NULL,
  `product_name` varchar(255) DEFAULT NULL,
  `author` varchar(255) DEFAULT NULL,
  `publisher` varchar(255) DEFAULT NULL,
  `price` int DEFAULT NULL,
  `rate` decimal(10,1) DEFAULT NULL,
  `brief_description` text,
  `detail_description` text,
  `img` varchar(1000) DEFAULT NULL,
  `width` int DEFAULT NULL,
  `height` int DEFAULT NULL,
  `page` int DEFAULT NULL,
  `sales_status` enum('ON_SALE','OUT_OF_PRINT','TEMPORARILY_OUT_OF_STOCK','EXPECTED_IN_STOCK') DEFAULT NULL COMMENT '판매상태: 판매중/절판/일시품절/입고예정',
  `search_count` int DEFAULT NULL,
  `reg_date` datetime DEFAULT NULL,
  PRIMARY KEY (`isbn`),
  KEY `low_category` (`low_category`),
  CONSTRAINT `product_ibfk_1` FOREIGN KEY (`low_category`) REFERENCES `low_category` (`low_category`)
) ENGINE=InnoDB DEFAULT CHARSET=utf8mb3;
/*!40101 SET character_set_client = @saved_cs_client */;

--
-- Dumping data for table `product`
--

LOCK TABLES `product` WRITE;
/*!40000 ALTER TABLE `product` DISABLE KEYS */;
INSERT INTO `product` VALUES ('9780300283259',909,'A Little History of the World','Gombrich, E. H.','Yale University Press',15450,10.0,'The internationally bestselling guide to the extraordinary human story, for the curious of all ages','The World has existed for over 4 billion years, but humanity arrived much more recently. Here E. H. Gombrich brings to life the full story of human experience on Earth. He paints a colourful picture of remarkable people and events, from Confucius to Catherine the Great, from the invention of art to the destruction of the Berlin Wall.\nThis is a book dominated not by dates and facts, but by the sweep of mankind\'s experience across the centuries. It is both a guide to humanity\'s achievements and an acute witness to its frailties. The product of a generous and humane sensibility, this is a timeless account of our shared history.\nLittle Histories - Inspiring Guides for Curious Minds','https://contents.kyobobook.co.kr/sih/fit-in/458x0/pdt/9780300283259.jpg',127,196,304,'ON_SALE',10,'2025-05-13 00:00:00'),('9780440414803',849,'Holes (1999 Newbery Winner)','Louis Sachar','Yearling Books',5800,9.8,'This is Newbery Medal-winning book in 1999.','The Newbery Medal for Best Children\'s Book\nThe Newbery Medal honors the year\'s most distinguished contribution to American literature for children. The medal was established in 1922 and is presented annually by the Association for Library Service to Children (ALSC), a division of the American Library Association (ALA). The recipient must be a citizen or resident of the United States.','https://contents.kyobobook.co.kr/sih/fit-in/458x0/pdt/9780440414803.jpg',135,194,240,'ON_SALE',10,'2000-05-09 00:00:00'),('9780857197689',321,'The Psychology of Money','Morgan Housel','Harriman House',17500,9.7,'The Sunday Times Number One Bestseller.\n\nOver 5 million copies sold around the world.\n\nThe original book from Morgan Housel, the New York Times bestselling author of Same As Ever.','As featured on the Dr Chatterjee podcast Feel Better, Live More and the Diary of a CEO podcast with Steven Bartlett.\n\nDoing well with money isn\'t necessarily about what you know. It\'s about how you behave. And behavior is hard to teach, even to really smart people.\n\nMoney investing, personal finance, and business decisions is typically taught as a math-based field, where data and formulas tell us exactly what to do. But in the real world people don\'t make financial decisions on a spreadsheet. They make them at the dinner table, or in a meeting room, where personal history, your own unique view of the world, ego, pride, marketing, and odd incentives are scrambled together.\n\nIn The Psychology of Money, award-winning author Morgan Housel shares 19 short stories exploring the strange ways people think about money and teaches you how to make better sense of one of life\'s most important topics.','https://contents.kyobobook.co.kr/sih/fit-in/458x0/pdt/9780857197689.jpg',137,213,256,'EXPECTED_IN_STOCK',10,'2020-09-08 00:00:00'),('9788931934656',658,'더 좋은 디자인','ingectar-e(인젝터 이)','지경사',18000,9.5,'디자인의 완성도를 높여주는 자연스러운 장식 활용 기법\n평범한 디자인이 완성도 높은 디자인으로 거듭나는 비법','디자인에서 말하는 ‘장식’이란, 꾸밈 요소를 곁들이거나 세부적으로 표현하는 것을 의미한다.\n프레임, 띠, 선 등의 장식이나 일러스트, 글자 효과, 배경 텍스처 등이 장식에 포함된다.\n디자인은 ‘장식의 집합체’라고 해도 과언이 아니며, 세련되면서도 전달이 잘되는 디자인은 장식을 어떻게 활용하느냐가 관건이다. 장식으로 시선을 유도하고 세계관을 연출하며 세세한 부분까지 공들여 세련된 디자인을 만들 수 있다.\n이 책은 ‘장식’에 주목한 특별한 디자인 책으로, 신입 디자이너의 예시작과 베테랑 디자이너의 예시작을 나란히 배치에 한눈에 차이를 비교할 수 있다. 또한 프로 디자이너의 예리한 조언에 따라 테마와 목적에 맞게 수정한 예시작을 볼 수 있게 구성했다. 테마에 잘 어울리는 폰트와 컬러링, 레이아웃을 추천해 활용 포인트와 디자인력을 향상시킨다.','https://contents.kyobobook.co.kr/sih/fit-in/458x0/pdt/9788931934656.jpg',148,211,240,'ON_SALE',26,'2025-07-15 00:00:00'),('9788932018394',472,'생화학','Jeremy Berg','한울',51300,9.1,'버그의 생화학 제8판','제러미 버그가 집필한 생화학의 표준 교재. 단백질, 효소, 대사 경로, 유전자 발현 등 생화학의 모든 분야를 분자 수준에서 상세히 다룬다. 생명현상을 화학적 관점에서 이해하는 데 필요한 기초와 응용을 균형있게 제공하는 의학 및 생명과학 전공서.','https://contents.kyobobook.co.kr/sih/fit-in/458x0/pdt/9788958813132.jpg',175,255,1368,'ON_SALE',10,'2024-03-18 15:20:00'),('9788932018743',401,'과학혁명의 구조','Thomas Kuhn','까치',22000,8.9,'출간 50주년 기념 개정 제4판','과학의 진보가 누적적이라는 기존 관점에 반대하며, 과학적 지식의 변천이 혁명적임을 주장하는 20세기 과학사학의 대표작. 패러다임의 전환이라는 개념을 통해 과학사를 새롭게 해석하고, 정상과학과 과학혁명의 구조를 체계적으로 분석한 과학철학의 고전.','https://contents.kyobobook.co.kr/sih/fit-in/458x0/pdt/9788972915546.jpg',148,210,428,'ON_SALE',13,'2024-02-10 09:30:00'),('9788932473111',609,'피카소','John Richardson','을유문화사',32400,9.1,'20세기 최고의 화가','존 리처드슨이 쓴 피카소의 결정판 전기. 큐비즘의 창시자 피카소의 파란만장한 생애와 예술적 변천을 깊이 있게 다룬다. 청색시대부터 장미빛시대, 큐비즘, 신고전주의까지 피카소 예술의 모든 시기를 포괄하는 권위있는 화가 연구서.','https://contents.kyobobook.co.kr/sih/fit-in/458x0/pdt/9788949133430.jpg',175,255,658,'TEMPORARILY_OUT_OF_STOCK',10,'2024-01-28 16:20:00'),('9788932473234',409,'이기적 유전자','Richard Dawkins','을유문화사',24000,9.0,'40주년 기념판','진화론의 새로운 패러다임을 제시한 현대 생물학의 고전. 다윈의 자연선택 이론을 유전자 단위로 설명하며, 생명체의 행동과 진화를 유전자의 관점에서 해석한다. 이타주의와 이기주의, 협력과 경쟁의 진화적 기원을 탐구하며 현대 진화생물학의 기초를 마련한 명저.','https://contents.kyobobook.co.kr/sih/fit-in/458x0/pdt/9788932473901.jpg',155,235,592,'ON_SALE',10,'2024-01-30 11:45:00'),('9788932473235',715,'문법론','남기심','한국문화사',22500,8.6,'국어 문법의 이해','국어학자 남기심이 국어 문법을 체계적으로 분석한 문법론 교재. 품사론, 문장론, 높임법 등 국어 문법의 모든 영역을 상세히 다루며, 문법 현상의 원리와 규칙을 명확하게 설명한다. 국어 교육과 국어학 연구의 기초가 되는 권위있는 문법 이론서.','https://contents.kyobobook.co.kr/sih/fit-in/458x0/pdt/9788968177231.jpg',148,215,456,'ON_SALE',10,'2024-04-18 15:55:00'),('9788932473236',201,'종교학 개론','요아킴 바흐','한국신학연구소',25200,8.6,'종교 현상의 이해','요아킴 바흐가 종교학의 기본 개념과 방법론을 체계적으로 정리한 종교학 입문서. 종교의 정의와 기능, 종교 경험과 상징, 의례와 신화 등을 다루며, 세계 주요 종교들의 특징을 비교 분석한다. 종교 현상을 학문적으로 연구하는 데 필요한 이론적 토대를 제공하는 종교학 교재.','https://contents.kyobobook.co.kr/sih/fit-in/458x0/pdt/9788951119446.jpg',152,225,485,'ON_SALE',10,'2024-04-18 14:40:00'),('9788932473567',409,'수학의 역사','Carl Boyer','경문사',27000,8.8,'보이어의 수학사','칼 보이어가 쓴 수학사의 고전적 저작. 고대 이집트와 바빌로니아부터 20세기 현대수학까지 수학의 발전 과정을 역사적으로 추적한다. 수학적 개념의 발달과 수학자들의 기여를 균형있게 다루며, 수학과 문명의 관계를 보여주는 교양 수학서.','https://contents.kyobobook.co.kr/sih/fit-in/458x0/pdt/9788932472324.jpg',155,230,658,'ON_SALE',10,'2024-04-10 14:15:00'),('9788932473568',201,'종교인류학','클리포드 기어츠','을유문화사',23400,8.3,'문화로서의 종교','클리포드 기어츠가 종교를 문화 현상으로 분석한 종교인류학 연구서. 종교의 상징과 의례, 종교적 세계관과 문화적 의미를 인류학적 관점에서 탐구한다. 다양한 문화권의 종교 현상을 비교 분석하여 종교의 보편성과 특수성을 이해하는 데 도움을 주는 종교인류학 교재.','https://contents.kyobobook.co.kr/sih/fit-in/458x0/pdt/9788996651109.jpg',155,230,385,'ON_SALE',10,'2024-03-20 16:40:00'),('9788932473569',671,'베토벤','Maynard Solomon','을유문화사',25200,8.7,'고전파에서 낭만파로','메이나드 솔로몬이 베토벤의 생애와 음악을 심리학적 관점에서 분석한 전기. 청력 상실이라는 역경을 극복하고 불멸의 명작들을 남긴 베토벤의 인간적 면모와 예술적 성취를 균형있게 다룬다. 고전파 양식을 완성하고 낭만주의를 열어간 베토벤 음악의 혁신성을 조명한다.','https://contents.kyobobook.co.kr/sih/fit-in/458x0/pdt/9791188571253.jpg',155,230,568,'ON_SALE',10,'2024-01-20 13:25:00'),('9788932473570',701,'신경언어학','David Caplan','을유문화사',24300,8.7,'뇌와 언어의 관계','데이비드 카플란이 뇌과학과 언어학을 연결한 신경언어학의 기초를 정리한 전문서. 언어 처리의 신경학적 기반과 언어 장애의 메커니즘을 다루며, 뇌 영상 기법을 이용한 언어 연구의 최신 성과를 소개한다. 언어학과 신경과학의 학제간 연구가 밝혀낸 언어와 뇌의 관계를 체계적으로 탐구한다.','https://contents.kyobobook.co.kr/sih/fit-in/458x0/pdt/9788958328407.jpg',152,225,456,'TEMPORARILY_OUT_OF_STOCK',10,'2024-03-20 14:10:00'),('9788932473891',409,'이중나선','James Watson','을유문화사',16200,8.6,'DNA 발견의 숨겨진 이야기','DNA 구조 발견으로 노벨상을 수상한 제임스 왓슨의 자전적 과학 에세이. DNA 이중나선 구조 발견 과정의 뒷이야기와 과학자들 간의 경쟁과 협력을 생생하게 담았다. 20세기 가장 중요한 과학적 발견 중 하나의 숨겨진 드라마를 통해 과학 연구의 현실을 보여준다.','https://contents.kyobobook.co.kr/sih/fit-in/458x0/pdt/9788958206033.jpg',135,200,285,'ON_SALE',10,'2024-02-26 15:40:00'),('9788932473892',701,'언어 유형론','Bernard Comrie','을유문화사',25200,8.5,'세계 언어의 다양성','버나드 컴리가 세계 언어의 유형론적 특징을 비교 분석한 언어학 연구서. 어순, 격 체계, 동사 활용 등 언어의 구조적 특성을 기준으로 언어들을 분류하고 비교한다. 언어의 보편성과 개별성을 균형있게 다루어 언어 다양성의 원리를 탐구한 비교언어학의 성과.','https://contents.kyobobook.co.kr/sih/fit-in/458x0/pdt/480D230427820.jpg',148,215,428,'ON_SALE',10,'2024-04-22 12:15:00'),('9788932473893',221,'선불교','두타','을유문화사',23400,8.5,'선의 철학과 수행','두타가 선불교의 철학과 수행법을 체계적으로 소개한 선불교 입문서. 선의 기원과 발전, 선사들의 어록과 공안, 좌선과 참선의 방법을 상세히 다룬다. 불교의 핵심인 깨달음의 경지를 이해하고 선불교의 독특한 사상과 문화를 탐구한 불교학 교양서.','https://contents.kyobobook.co.kr/sih/fit-in/458x0/pdt/9791168690189.jpg',150,220,485,'ON_SALE',10,'2024-04-22 13:15:00'),('9788932473928',481,'식물의 세계','Peter Raven','을유문화사',39600,8.9,'레이븐의 식물학 제8판','피터 레이븐이 집필한 식물학의 권위있는 교재. 식물의 구조와 기능, 생리, 생태, 진화를 종합적으로 다룬다. 식물의 다양성과 환경 적응, 인간과의 관계를 폭넓게 설명하며 식물 생물학의 모든 분야를 아우르는 전문서.','https://contents.kyobobook.co.kr/sih/fit-in/458x0/pdt/9791165795849.jpg',170,250,968,'ON_SALE',10,'2024-03-22 14:55:00'),('9788932473929',631,'도자기의 세계','정양모','을유문화사',32400,8.8,'한국 도자기의 미학','도예가이자 연구가 정양모가 한국 도자기의 역사와 미학을 종합적으로 다룬 도자기 전문서. 청자, 백자, 분청사기 등 한국 도자기의 특징과 제작 기법, 예술적 가치를 상세히 분석한다. 동양 도자기 예술의 정수를 보여주는 한국 도자기의 아름다움을 탐구한 미술사 연구서.','https://contents.kyobobook.co.kr/sih/fit-in/458x0/pdt/9788997715831.jpg',170,245,428,'ON_SALE',10,'2024-03-26 15:20:00'),('9788932474185',437,'유기화학','Paula Bruice','을유문화사',54000,8.8,'브루스 유기화학 제8판','폴라 브루스가 집필한 유기화학의 대표적 교재. 유기화합물의 구조와 반응, 합성 방법을 체계적으로 설명한다. 반응 메커니즘에 중점을 두어 유기화학의 논리적 체계를 이해할 수 있도록 구성된 화학 전공자를 위한 핵심 교재.','https://contents.kyobobook.co.kr/sih/fit-in/458x0/pdt/9788962184297.jpg',170,250,1268,'ON_SALE',10,'2024-01-22 15:25:00'),('9788932917386',701,'한국어학 개론','이익섭','학연사',24300,8.7,'한국어의 이해','국어학자 이익섭이 한국어의 음성, 음운, 문법, 어휘, 의미를 체계적으로 분석한 한국어학 개론서. 한국어의 구조적 특징과 변천 과정을 언어학적 관점에서 설명한다. 한국어 교육과 연구의 기초가 되는 필수 교재로, 한국어의 독창성과 체계성을 보여준다.','https://contents.kyobobook.co.kr/sih/fit-in/458x0/pdt/480D230427260.jpg',152,225,485,'ON_SALE',10,'2024-01-20 11:30:00'),('9788932917387',231,'기독교 교리학','칼 바르트','한국신학연구소',36000,8.9,'바르트 교의학 요약','칼 바르트의 방대한 교의학을 요약한 기독교 교리학 개론서. 하나님론, 창조론, 화해론, 종말론 등 기독교 신학의 핵심 주제들을 바르트의 관점에서 체계적으로 정리한다. 20세기 개신교 신학의 거장이 제시한 기독교 신앙의 본질과 현대적 의미를 탐구한 신학 전문서.','https://contents.kyobobook.co.kr/sih/fit-in/458x0/pdt/9788958744009.jpg',155,235,658,'ON_SALE',10,'2024-01-20 10:30:00'),('9788932917485',409,'다윈의 진화론','Charles Darwin','을유문화사',18000,8.7,'종의 기원 완역본','찰스 다윈의 진화론을 담은 불멸의 고전 『종의 기원』의 완역본. 자연선택을 통한 종의 진화 과정을 체계적으로 설명하고, 생물 다양성의 기원에 대한 과학적 해답을 제시한다. 현대 생물학의 토대가 된 진화론의 원전을 통해 생명 과학의 근본 원리를 이해할 수 있다.','https://contents.kyobobook.co.kr/sih/fit-in/458x0/pdt/9788998066727.jpg',148,215,548,'TEMPORARILY_OUT_OF_STOCK',10,'2024-03-08 11:30:00'),('9788932917486',601,'건축의 역사','Banister Fletcher','한울',54000,8.9,'플레처 건축사','배니스터 플레처가 편찬한 건축사의 바이블. 고대 건축부터 현대 건축까지 세계 건축의 발전 과정을 지역별, 시대별로 체계적으로 정리한다. 풍부한 도면과 사진을 통해 건축 양식의 특징과 변천을 시각적으로 보여주는 건축 교육의 표준서.','https://contents.kyobobook.co.kr/sih/fit-in/458x0/pdt/9791191007268.jpg',185,270,1248,'ON_SALE',10,'2024-04-14 14:30:00'),('9788932917487',709,'국어사','김무림','한울',27000,8.6,'한국어의 변천사','국어사학자 김무림이 한국어의 역사적 변천 과정을 시대순으로 정리한 국어사 교재. 고대 한국어부터 현대 한국어까지의 음운, 문법, 어휘 변화를 체계적으로 추적한다. 한국어의 계통과 특징, 주변 언어와의 관계를 역사언어학적 관점에서 분석한 권위있는 국어사 연구서.','https://contents.kyobobook.co.kr/sih/fit-in/458x0/pdt/9788930319294.jpg',155,230,568,'ON_SALE',10,'2024-03-14 16:20:00'),('9788932917488',231,'조직신학','칼 바르트','한울',32400,8.8,'바르트의 조직신학','칼 바르트의 조직신학을 현대적으로 해석한 신학 교재. 하나님론, 기독론, 성령론, 교회론, 종말론 등 조직신학의 전 분야를 바르트의 관점에서 체계적으로 정리한다. 20세기 신학의 혁명적 사상가가 제시한 기독교 신학의 새로운 패러다임을 이해하는 데 필수적인 신학서.','https://contents.kyobobook.co.kr/sih/fit-in/458x0/pdt/9791191239034.jpg',165,240,856,'ON_SALE',10,'2024-03-14 14:10:00'),('9788932917638',609,'서양미술사','Ernst Gombrich','열화당',36000,9.0,'곰브리치 서양미술사','에른스트 곰브리치가 쓴 서양미술사의 고전적 명저. 고대 이집트부터 현대미술까지 서양미술의 전개 과정을 명쾌하고 흥미롭게 서술한다. 복잡한 미술사를 일반인도 쉽게 이해할 수 있도록 쓰여진 최고의 미술사 입문서로, 미술에 대한 새로운 시각을 제공한다.','https://contents.kyobobook.co.kr/sih/fit-in/458x0/pdt/9791197828508.jpg',160,240,688,'ON_SALE',10,'2024-01-15 10:30:00'),('9788932917829',911,'조선 후기 농민봉기','정창렬','창비',20700,8.7,'민란의 시대','조선 후기 각종 농민봉기와 민란의 배경과 전개 과정을 분석한 사회사 연구서. 홍경래의 난, 진주민란, 동학농민봉기 등 주요 민란의 성격과 의의를 다룬다. 조선 후기 사회 모순의 심화와 민중의 저항 의식 성장을 보여주는 중요한 역사적 사건들을 조명한다.','https://contents.kyobobook.co.kr/sih/fit-in/458x0/pdt/9788932374833.jpg',145,210,456,'ON_SALE',10,'2024-03-20 16:20:00'),('9788932918264',409,'양자역학의 해석','David Bohm','한울',24300,8.6,'숨겨진 변수 이론','데이비드 봄이 양자역학의 철학적 의미와 해석 문제를 다룬 물리학 철학서. 코펜하겐 해석의 한계를 지적하고 숨겨진 변수 이론을 제시한다. 양자역학의 기묘한 현상들에 대한 새로운 관점을 제공하며, 물리학과 철학의 경계에서 의식과 물질의 관계를 탐구한다.','https://contents.kyobobook.co.kr/sih/fit-in/458x0/pdt/480D250610950.jpg',150,220,528,'ON_SALE',10,'2024-03-16 09:45:00'),('9788932918265',688,'영화의 이해','Louis Giannetti','한울',27000,8.6,'지아네티 영화학 개론','루이스 지아네티가 쓴 영화학의 표준 교재. 영화의 언어와 문법, 장르와 스타일, 제작과 유통 과정을 종합적으로 다룬다. 영화를 예술과 산업의 관점에서 균형있게 분석하며, 영화 읽기와 비평의 방법을 체계적으로 제시한 영화학 입문서.','https://contents.kyobobook.co.kr/sih/fit-in/458x0/pdt/9788942008735.jpg',165,240,568,'ON_SALE',10,'2024-04-18 10:50:00'),('9788932918573',409,'상대성이론','Albert Einstein','김영사',18000,9.0,'아인슈타인의 원전','알베르트 아인슈타인이 직접 쓴 상대성이론 해설서. 특수상대성이론과 일반상대성이론의 기본 원리를 아인슈타인 자신의 언어로 설명한다. 복잡한 수학 공식 없이도 상대성이론의 핵심을 이해할 수 있도록 구성된 20세기 물리학 혁명의 원전.','https://contents.kyobobook.co.kr/sih/fit-in/458x0/pdt/9791195755684.jpg',140,205,315,'ON_SALE',10,'2024-03-26 10:20:00'),('9788932918574',601,'현대미술의 이해','Hal Foster','현실문화',24300,8.4,'1945년 이후의 미술','할 포스터 등이 1945년 이후 현대미술의 흐름을 분석한 미술사 연구서. 추상표현주의부터 팝아트, 미니멀리즘, 개념미술, 포스트모더니즘까지 현대미술의 주요 사조를 체계적으로 다룬다. 현대미술의 복잡한 담론과 이론을 이해하는 데 필수적인 전문서.','https://contents.kyobobook.co.kr/sih/fit-in/458x0/pdt/9788999400889.jpg',155,230,528,'ON_SALE',10,'2024-02-18 14:50:00'),('9788932918575',701,'사회언어학','William Labov','한울',23400,8.6,'언어와 사회의 관계','윌리엄 라보브가 언어와 사회의 상호작용을 연구한 사회언어학의 고전. 언어 변이와 변화, 방언과 표준어, 언어 태도와 정체성 등을 사회학적 관점에서 분석한다. 언어가 사회 구조와 문화에 미치는 영향과 사회가 언어 사용에 미치는 영향을 체계적으로 탐구한다.','https://contents.kyobobook.co.kr/sih/fit-in/458x0/pdt/9791158523022.jpg',152,225,485,'TEMPORARILY_OUT_OF_STOCK',10,'2024-01-28 16:10:00'),('9788932918576',239,'유대교의 역사','폴 존슨','한울',27000,8.6,'유대인과 유대교 4000년','폴 존슨이 유대교의 기원부터 현대까지 4000년 역사를 포괄적으로 서술한 유대교사. 성서 시대부터 탈무드 시대, 중세와 근대를 거쳐 현대 이스라엘까지 유대인의 종교적, 문화적 전통을 추적한다. 유대교가 서구 문명에 미친 영향과 현대적 의의를 역사적 맥락에서 탐구한 종교사 연구서.','https://contents.kyobobook.co.kr/sih/fit-in/458x0/pdt/9788934122791.jpg',155,230,658,'TEMPORARILY_OUT_OF_STOCK',10,'2024-01-28 12:40:00'),('9788932919374',472,'병리학 총론','Robbins','한울',58500,8.9,'로빈스 기초병리학 제10판','로빈스가 집필한 병리학의 세계적 표준 교재. 질병의 원인, 발생 기전, 형태학적 변화를 분자 수준에서 체계적으로 설명한다. 의학교육에서 가장 널리 사용되는 병리학 교재로, 질병에 대한 과학적 이해의 기초를 제공한다.','https://contents.kyobobook.co.kr/sih/fit-in/458x0/pdt/9788974960711.jpg',175,255,1456,'TEMPORARILY_OUT_OF_STOCK',10,'2024-02-18 11:45:00'),('9788934976582',321,'피터 드러커의 경영학','Peter Drucker','한빛비즈',19800,9.1,'현대 경영학의 아버지가 남긴 통찰','현대 경영학의 아버지 피터 드러커의 핵심 경영 철학과 이론을 정리한 책. 조직 경영, 혁신, 리더십, 의사결정 등 경영의 본질적 문제들에 대한 드러커의 깊이 있는 통찰을 담고 있다. 50년 이상 축적된 경영 지혜를 현대적 관점에서 재해석하여 오늘날의 경영자들에게 실용적 가이드를 제공한다.','https://contents.kyobobook.co.kr/sih/fit-in/458x0/pdt/9788957076682.jpg',150,220,425,'ON_SALE',10,'2024-01-30 11:45:00'),('9788934987364',331,'밀레니얼 세대를 움직이는 법','Simon Sinek','한빛비즈',17100,8.2,'사이먼 시넥의 세대론과 리더십','TED 강연으로 유명한 사이먼 시넥이 밀레니얼 세대의 특성과 그들을 이끄는 리더십에 대해 쓴 책. 새로운 세대의 가치관과 동기 부여 방식을 이해하고, 다세대가 함께 일하는 조직에서 효과적인 리더십을 발휘하는 방법을 제시한다. 세대 갈등 해결과 조직 문화 혁신을 위한 실용적 가이드.','https://contents.kyobobook.co.kr/sih/fit-in/458x0/pdt/9791157061433.jpg',140,205,285,'TEMPORARILY_OUT_OF_STOCK',10,'2024-01-12 15:30:00'),('9788934987659',331,'앤젤 투자','Jason Calacanis','한빛비즈',19800,8.5,'실리콘밸리 투자의 모든 것','실리콘밸리의 유명 엔젤투자자 제이슨 칼라카니스가 전하는 스타트업 투자의 실전 노하우. 스타트업 발굴부터 투자 결정, 포트폴리오 관리까지 투자의 전 과정을 상세히 설명한다. 우버, 트위터 등 성공 기업들의 초기 투자 사례를 통해 투자의 원리와 위험 관리 방법을 구체적으로 제시한다.','https://contents.kyobobook.co.kr/sih/fit-in/458x0/pdt/9788968211270.jpg',148,215,356,'ON_SALE',10,'2024-01-20 11:30:00'),('9788934987928',331,'디지털 트랜스포메이션','Erik Brynjolfsson','한빛비즈',20700,8.5,'MIT 교수가 말하는 디지털 혁신 전략','MIT의 에릭 브린욜프슨이 디지털 기술이 기업과 산업에 미치는 영향을 분석한 책. 인공지능, 빅데이터, 클라우드 등 디지털 기술을 활용한 비즈니스 모델 혁신과 조직 변화 관리 방법을 제시한다. 디지털 시대의 경쟁 우위를 확보하기 위한 전략적 사고와 실행 방안을 담고 있다.','https://contents.kyobobook.co.kr/sih/fit-in/458x0/pdt/9788931589979.jpg',152,225,428,'ON_SALE',10,'2024-01-18 15:55:00'),('9788934989234',324,'아마존, 세상의 모든 것을 팝니다','Brad Stone','한빛비즈',18900,8.8,'제프 베조스와 아마존의 성공 스토리','블룸버그 기자 브래드 스톤이 5년간 취재해 완성한 아마존의 성장 비화. 제프 베조스의 리더십과 아마존의 고객 중심 철학, 장기적 관점의 경영 전략을 상세히 분석한다. 온라인 서점에서 시작해 글로벌 테크 기업으로 성장한 아마존의 혁신 과정과 비즈니스 모델을 깊이 있게 탐구한다.','https://contents.kyobobook.co.kr/sih/fit-in/458x0/pdt/9788950952952.jpg',145,210,425,'ON_SALE',19,'2024-01-28 14:50:00'),('9788934989547',331,'빈 투 빌리언','Jerry Porras','한빛비즈',18000,8.3,'스탠포드대 18년 연구의 결과','짐 콜린스와 제리 포라스가 18년간 연구한 비전 기업의 성공 비결. 100년 이상 지속된 기업들의 공통점을 분석하여 시대를 초월하는 경영 원칙들을 발견한다. 핵심 가치와 비전의 중요성, 지속적인 혁신과 변화 관리 등 장수 기업의 DNA를 해부한 경영학 명저.','https://contents.kyobobook.co.kr/sih/fit-in/458x0/pdt/9788935213788.jpg',148,215,428,'TEMPORARILY_OUT_OF_STOCK',10,'2024-01-16 15:50:00'),('9788934989851',331,'카네기 성공학','Dale Carnegie','한빛비즈',15300,8.8,'데일 카네기의 인간관계와 소통의 기술','데일 카네기의 불멸의 고전으로 효과적인 커뮤니케이션과 인간관계 개선 방법을 제시한다. 사람을 다루는 기본 원칙, 사람을 설득하는 방법, 리더가 되는 방법 등 비즈니스와 일상생활에서 필요한 대인관계 기술을 체계적으로 설명한다. 80년 이상 전 세계인들에게 사랑받은 자기계발서의 원조.','https://contents.kyobobook.co.kr/sih/fit-in/458x0/pdt/9791139716269.jpg',140,205,315,'ON_SALE',10,'2024-01-24 12:10:00'),('9788936434120',813,'소년이 온다','한강','창비',13500,9.8,'말라파르테 문학상, 만해문학상 수상작\n우리 시대의 소설 『소년이 온다』','2014년 만해문학상, 2017년 이탈리아 말라파르테 문학상을 수상하고 전세계 20여개국에 번역 출간되며 세계를 사로잡은 우리 시대의 소설 『소년이 온다』.\n이 작품은 『채식주의자』로 인터내셔널 부커상을 수상한 한강 작가에게 “눈을 뗄 수 없는, 보편적이며 깊은 울림”(뉴욕타임즈), “역사와 인간의 본질을 다룬 충격적이고 도발적인 소설”(가디언), “한강을 뛰어넘은 한강의 소설”(문학평론가 신형철)이라는 찬사를 선사한 작품으로, 그간 많은 독자들에게 광주의 상처를 깨우치고 함께 아파하는 문학적인 헌사로 높은 관심과 찬사를 받아왔다.\n『소년이 온다』는 ‘상처의 구조에 대한 투시와 천착의 서사’를 통해 한강만이 풀어낼 수 있는 방식으로 1980년 5월을 새롭게 조명하며, 무고한 영혼들의 말을 대신 전하는 듯한 진심 어린 문장들로 5·18 이후를 살고 있는 우리에게 묵직한 질문을 던진다.\n이 작품은 가장 한국적인 서사로 세계를 사로잡은 한강 문학의 지향점을 보여준다. 인간의 잔혹함과 위대함을 동시에 증언하는 이 충일한 서사는 이렇듯 시공간의 한계를 넘어 인간 역사의 보편성을 보여주며 훼손되지 말아야 할 인간성을 절박하게 복원한다.\n저자는 이 작품에서 진심 어린 문장들로 무고한 영혼의 말을 대신 전하며 그 시절을 잊고 무심하게 살아가는 우리에게 묵직한 메시지를 던진다. 국가의 무자비함을 생생하게 그려내 지금까지도 우리나라뿐 아니라 전 세계에서 계속되고 있는 인간의 잔혹함과 악행에 대한 근원적인 질문을 던지고, 잊을 수 없는 봄날의 오월을 지나 여름을 건너가지 못한 이들과 살아남은 것이 오히려 치욕으로 여기며 매일을 힘겹게 견뎌내는 이들에게 우리가 어떤 대답을 해줄 수 있는 가를 간절한 목소리로 묻는다. 그리하여 우리가 붙들어야 할 역사적 기억이 무엇인지 생각하게 한다.','https://contents.kyobobook.co.kr/sih/fit-in/458x0/pdt/9788936434120.jpg',145,210,216,'TEMPORARILY_OUT_OF_STOCK',31,'2014-05-19 00:00:00'),('9788936434595',813,'채식주의자','한강','창비',15300,9.6,'인터내셔널 부커상, 산클레멘테 문학상 수상작\n전세계가 주목한 한강의 역작을 다시 만나다','2016년 인터내셔널 부커상을 수상하며 한국문학의 입지를 한단계 확장시킨 한강의 장편소설 『채식주의자』를 15년 만에 새로운 장정으로 선보인다. 상처받은 영혼의 고통과 식물적 상상력의 강렬한 결합을 정교한 구성과 흡인력 있는 문체로 보여주는 이 작품은 섬뜩한 아름다움의 미학을 한강만의 방식으로 완성한 역작이다. “탄탄하고 정교하며 충격적인 작품으로, 독자들의 마음에 그리고 아마도 그들의 꿈에 오래도록 머물 것이다”라는 평을 받으며 인터내셔널 부커상을 수상했던 『채식주의자』는 “미국 문학계에 파문을 일으키면서도 독자들과 공명할 것으로 보인다”(뉴욕타임스), “놀라울 정도로 아름다운 산문과 믿을 수 없을 만큼 폭력적인 내용의 조합이 충격적이다”(가디언)라는 해외서평을 받았고 2018년에는 스페인에서 산클레멘테 문학상을 받는 등 전세계에서 뜨거운 반응을 일으켰다. 국내에서는 현재까지 100만부 가까이 판매되었다.\n\n『채식주의자』는 어느 날부터 육식을 거부하며 가족들과 갈등을 빚기 시작하는 ‘영혜’가 중심인물로 등장하는 장편소설이다. 하지만 소설은 영혜를 둘러싼 세 인물인 남편, 형부, 언니의 시선에서 서술되며 영혜는 단 한번도 주도적인 화자의 위치를 얻지 못한다. 가족의 이름으로 자행되는 가부장의 폭력, 그리고 그 폭력에 저항하며 금식을 통해 동물성을 벗어던지고 나무가 되고자 한 영혜가 보여주는 식물적 상상력의 경지는 모든 세대 독자를 아우르며 더 크나큰 공명을 이루어낼 것이다.','https://contents.kyobobook.co.kr/sih/fit-in/458x0/pdt/9788936434595.jpg',128,194,276,'ON_SALE',45,'2022-03-28 00:00:00'),('9788936439743',813,'혼모노','성해나','창비',16200,9.6,'‘2024 한국문학의 미래가 될 젊은 작가’ 1위 선정!\n지금 가장 생생하고 뜨거운 이름,\n성해나라는 강렬한 세계','2024·2025 젊은작가상, 2024 이효석문학상 우수작품상 수상작 수록\n\n작품마다 치밀한 취재와 정교한 구성을 바탕으로 한 개성적인 캐릭터와 강렬하고도 서늘한 서사로 평단과 독자의 주목을 고루 받으며 새로운 세대의 리얼리즘을 열어가고 있다 평가받는 작가 성해나가 두번째 소설집 『혼모노』를 선보인다. 성해나는 2024·2025 젊은작가상, 2024 이효석문학상 우수작품상, 2024 김만중문학상 신인상 등 다수의 문학상을 연달아 수상하고 온라인 서점 예스24가 선정한 ‘2024 한국문학의 미래가 될 젊은 작가’ 투표에서 1위로 선정되는 등 이미 그 화제성을 증명한 바 있다. 첫 소설집 『빛을 걷으면 빛』(문학동네 2022)에서 타인을 이해하려는 시도를 부드럽고 따스한 시선으로 담아내고, 첫 장편소설 『두고 온 여름』(창비 2023)에서 오해와 결별로 얼룩진 과거에 애틋한 인사를 건네고자 했던 그가 『혼모노』에 이르러 더욱 예리해진 문제의식과 흡인력 넘치는 서사를 통해 지역, 정치, 세대 등 우리를 가르는 다양한 경계를 들여다보며 세태의 풍경을 선명하게 묘파해낸다. 특히 이번 소설집에는 지난해 끊임없이 호명되며 문단을 휩쓸었다 해도 과언이 아닐 표제작 「혼모노」를 비롯해 작가에게 2년 연속 젊은작가상을 선사해준 「길티 클럽: 호랑이 만지기」, 이 계절의 소설과 올해의 문제소설에 선정된 「스무드」 등이 수록되어 더욱 눈길을 끈다. “작가의 ‘신명’이라 불”릴(추천사, 이기호) 만큼 “질투 나는 재능”(추천사, 박정민)으로 빛나는 『혼모노』, 그토록 기다려왔던 한국문학의 미래가 바로 지금 우리 앞에 도착해 있다.','https://contents.kyobobook.co.kr/sih/fit-in/458x0/pdt/9788936439743.jpg',128,188,368,'TEMPORARILY_OUT_OF_STOCK',11,'2025-03-28 00:00:00'),('9788936471043',813,'테스','Thomas Hardy','민음사',17100,8.3,'하디의 대표작','토머스 하디의 대표작으로 테스 더버빌의 비극적 운명을 그린 소설. 빅토리아 시대 영국의 계급사회와 여성의 지위를 날카롭게 비판한 자연주의 문학의 걸작이다.','https://contents.kyobobook.co.kr/sih/fit-in/458x0/pdt/9788937462054.jpg',140,210,568,'ON_SALE',10,'2024-01-16 14:45:00'),('9788936471174',813,'바람과 함께 사라지다','Margaret Mitchell','민음사',23400,8.6,'남북전쟁을 배경으로 한 대하소설','마거릿 미첼의 대표작으로 남북전쟁을 배경으로 한 스칼렛 오하라의 이야기. 전쟁과 사랑, 생존과 의지를 그려낸 20세기 미국 문학의 베스트셀러이다.','https://contents.kyobobook.co.kr/sih/fit-in/458x0/pdt/9788931933819.jpg',150,220,1056,'ON_SALE',10,'2024-03-20 13:50:00'),('9788936471357',813,'죄와 벌','Fyodor Dostoevsky','민음사',18900,9.0,'도스토예프스키의 대표작','표도르 도스토예프스키의 대표작으로 라스콜니코프의 범죄와 구원을 그린 장편소설. 인간의 죄의식과 양심, 구원에 대한 깊이 있는 탐구를 담고 있는 러시아 문학의 걸작이다.','https://contents.kyobobook.co.kr/sih/fit-in/458x0/pdt/9788937462849.jpg',145,215,756,'ON_SALE',10,'2024-03-22 10:25:00'),('9788936471456',813,'한여름 밤의 꿈','William Shakespeare','민음사',10800,8.8,'셰익스피어의 희극','윌리엄 셰익스피어의 대표적인 희극으로 아테네와 요정의 숲을 배경으로 한 환상적인 사랑 이야기. 현실과 환상이 교차하는 마법적인 세계를 그려낸 셰익스피어의 걸작이다.','https://contents.kyobobook.co.kr/sih/fit-in/458x0/pdt/9788937461729.jpg',125,185,156,'ON_SALE',10,'2024-03-28 14:55:00'),('9788936471654',813,'오만과 편견','Jane Austen','민음사',14850,8.9,'제인 오스틴의 대표작','제인 오스틴의 대표작으로 엘리자베스 베넷과 다아시의 사랑을 그린 로맨스 소설. 19세기 영국 사회의 계급의식과 여성의 지위를 날카롭게 풍자한 영문학의 고전이다.','https://contents.kyobobook.co.kr/sih/fit-in/458x0/pdt/9788937460883.jpg',130,190,448,'ON_SALE',10,'2024-01-18 13:55:00'),('9788936471760',813,'로미오와 줄리엣','William Shakespeare','민음사',10800,8.8,'불멸의 사랑 이야기','윌리엄 셰익스피어의 대표작으로 베로나의 두 연인의 비극적 사랑을 그린 작품. 원수 집안의 젊은 남녀의 순수한 사랑과 죽음을 통해 진정한 사랑의 의미를 탐구한 연극사의 고전이다.','https://contents.kyobobook.co.kr/sih/fit-in/458x0/pdt/9788937461736.jpg',125,185,168,'ON_SALE',10,'2024-03-06 10:15:00'),('9788936471869',813,'파리대왕','William Golding','민음사',13500,8.6,'인간 본성에 대한 탐구','윌리엄 골딩의 대표작으로 무인도에 고립된 소년들의 이야기. 문명과 야만, 선과 악에 대한 인간 본성의 탐구를 담고 있는 20세기 영문학의 걸작이다.','https://contents.kyobobook.co.kr/sih/fit-in/458x0/pdt/9788937460197.jpg',130,190,285,'ON_SALE',10,'2024-01-22 14:10:00'),('9788936471982',813,'레 미제라블','Victor Hugo','민음사',25200,9.0,'휴머니즘의 대서사시','빅토르 위고의 대표작으로 19세기 프랑스를 배경으로 한 대하소설. 장 발장의 구원과 성장을 통해 인간의 존엄성과 사회 정의를 그려낸 세계 문학사의 불멸의 고전이다.','https://contents.kyobobook.co.kr/sih/fit-in/458x0/pdt/9788937463013.jpg',155,225,1248,'TEMPORARILY_OUT_OF_STOCK',10,'2024-01-25 15:30:00'),('9788936472047',813,'오셀로','William Shakespeare','민음사',11700,8.6,'질투의 비극','윌리엄 셰익스피어의 4대 비극 중 하나로 오셀로의 질투와 파멸을 그린 작품. 인종차별과 질투, 사랑과 배신을 다룬 셰익스피어의 심리 드라마의 걸작이다.','https://contents.kyobobook.co.kr/sih/fit-in/458x0/pdt/9788937460531.jpg',128,188,198,'ON_SALE',10,'2024-01-14 16:25:00'),('9788936472139',813,'수레바퀴 아래서','Hermann Hesse','민음사',11700,8.5,'교육제도에 대한 비판','헤르만 헤세의 자전적 소설로 한스 기벤라트의 비극적 운명을 그린 작품. 경직된 교육제도와 사회 체제에 대한 날카로운 비판을 담고 있으며, 개성과 자유를 억압하는 현실에 대한 경고를 담고 있다.','https://contents.kyobobook.co.kr/sih/fit-in/458x0/pdt/9788937460500.jpg',130,190,285,'TEMPORARILY_OUT_OF_STOCK',11,'2024-01-28 16:10:00'),('9788936472198',813,'긴 여행','John Steinbeck','민음사',16200,8.8,'스타인벡의 대표작','존 스타인벡의 대표작으로 1930년대 대공황 시대를 배경으로 한 이주민들의 이야기. 가난과 고통 속에서도 희망을 잃지 않는 인간의 의지를 그려낸 미국 문학의 걸작이다.','https://contents.kyobobook.co.kr/sih/fit-in/458x0/pdt/9788934919742.jpg',140,210,548,'ON_SALE',11,'2024-01-26 11:30:00'),('9788936472290',813,'돈 키호테','Miguel de Cervantes','민음사',23400,8.5,'스페인 문학의 걸작','미겔 데 세르반테스의 대표작으로 라만차의 기사 돈 키호테의 모험을 그린 소설. 이상과 현실의 갈등을 통해 인간의 꿈과 희망을 탐구한 세계 문학사의 고전이며, 최초의 근대 소설로 평가받는다.','https://contents.kyobobook.co.kr/sih/fit-in/458x0/pdt/9788932916804.jpg',152,220,1056,'ON_SALE',10,'2024-03-30 14:25:00'),('9788936472381',813,'앵무새를 죽이다','Harper Lee','열린책들',14850,9.0,'정의와 용기에 대한 이야기','하퍼 리의 걸작으로 1930년대 미국 남부의 인종차별을 배경으로 한 성장소설. 정의로운 변호사 아티커스 핀치와 그의 딸들이 경험하는 성장과 깨달음을 그린 현대 문학의 고전이다.','https://contents.kyobobook.co.kr/sih/fit-in/458x0/pdt/9788932917207.jpg',135,200,456,'ON_SALE',12,'2024-01-28 16:35:00'),('9788936472382',813,'삼총사','Alexandre Dumas','민음사',16200,8.4,'모험소설의 고전','알렉상드르 뒤마의 대표작으로 다르타냐과 삼총사의 모험을 그린 소설. 우정과 충성, 모험과 로맨스를 흥미진진하게 그려낸 프랑스 문학의 고전이다.','https://contents.kyobobook.co.kr/sih/fit-in/458x0/pdt/9788931933628.jpg',140,210,658,'ON_SALE',10,'2024-03-16 13:20:00'),('9788936472481',813,'고도를 기다리며','Samuel Beckett','민음사',13500,8.7,'부조리극의 대표작','사뮈엘 베케트의 대표작으로 블라디미르와 에스트라공이 고도를 기다리는 이야기. 현대인의 실존적 불안과 소외를 그려낸 20세기 연극사의 혁신적 작품이다.','https://contents.kyobobook.co.kr/sih/fit-in/458x0/pdt/9788937460432.jpg',130,190,125,'ON_SALE',10,'2024-03-18 11:15:00'),('9788936472665',813,'전쟁과 평화','Leo Tolstoy','민음사',32400,8.8,'톨스토이의 대서사시','레프 톨스토이의 대표작으로 나폴레온 전쟁을 배경으로 한 대하소설. 러시아 귀족들의 사랑과 우정, 전쟁과 평화를 웅장하게 그려낸 세계 문학사상 가장 위대한 소설 중 하나이다.','https://contents.kyobobook.co.kr/sih/fit-in/458x0/pdt/9788937463532.jpg',160,230,1656,'TEMPORARILY_OUT_OF_STOCK',10,'2024-01-20 15:50:00'),('9788936472764',813,'십이야','William Shakespeare','민음사',11700,8.3,'사랑과 착각의 희극','윌리엄 셰익스피어의 희극으로 일리리아를 배경으로 한 사랑과 착각의 이야기. 성별을 바꾼 주인공의 모험을 통해 사랑의 다양한 모습을 그려낸 셰익스피어의 로맨틱 코미디이다.','https://contents.kyobobook.co.kr/sih/fit-in/458x0/pdt/9788962260533.jpg',128,188,168,'ON_SALE',10,'2024-01-24 12:45:00'),('9788936472856',813,'모비 딕','Herman Melville','민음사',19800,8.5,'허먼 멜빌의 대작','허먼 멜빌의 대표작으로 에이해브 선장과 흰 고래 모비딕의 대결을 그린 소설. 복수와 운명, 자연과 인간의 관계를 철학적으로 탐구한 19세기 미국 문학의 걸작이다.','https://contents.kyobobook.co.kr/sih/fit-in/458x0/pdt/9791139707137.jpg',145,215,658,'ON_SALE',10,'2024-03-24 12:25:00'),('9788936472948',813,'변신','Franz Kafka','민음사',10800,8.8,'카프카의 대표작','프란츠 카프카의 대표작으로 어느 날 갑자기 벌레로 변해버린 그레고르 잠자의 이야기. 현대인의 소외와 절망을 상징적으로 그려낸 20세기 문학의 고전이다.','https://contents.kyobobook.co.kr/sih/fit-in/458x0/pdt/9788937460043.jpg',125,185,168,'ON_SALE',10,'2024-03-14 09:45:00'),('9788947548263',331,'플랫폼 레볼루션','Geoffrey Parker','부키',20700,8.6,'플랫폼이 세상을 바꾸는 방법','MIT와 보스턴대학교 교수들이 분석한 플랫폼 비즈니스의 혁신적 힘. 구글, 애플, 페이스북, 아마존 등 글로벌 플랫폼 기업들의 성공 비결과 플랫폼 경제의 작동 원리를 설명한다. 네트워크 효과, 생태계 구축, 플랫폼 전략 등 디지털 시대의 새로운 비즈니스 모델을 이해하는 데 필수적인 지식을 제공한다.','https://contents.kyobobook.co.kr/sih/fit-in/458x0/pdt/9788960515987.jpg',152,225,456,'ON_SALE',10,'2024-02-25 14:30:00'),('9788947548264',201,'종교사회학','막스 베버','갤리온',24300,8.5,'종교와 사회의 관계','막스 베버가 종교와 사회의 상호작용을 분석한 종교사회학의 고전. 프로테스탄트 윤리와 자본주의 정신, 종교의 사회적 기능과 영향 등을 다룬다. 종교가 사회 구조와 문화에 미치는 영향을 사회학적 관점에서 탐구한 종교사회학의 기초서.','https://contents.kyobobook.co.kr/sih/fit-in/458x0/pdt/9788930088244.jpg',152,225,485,'ON_SALE',10,'2024-01-18 13:50:00'),('9788947548265',475,'미생물학','Michael Madigan','갤리온',48600,8.8,'마디간 미생물학 제15판','마이클 마디간이 집필한 미생물학의 권위있는 교재. 세균, 고세균, 바이러스, 진균의 구조와 기능, 대사, 생태를 종합적으로 다룬다. 미생물의 다양성과 환경에서의 역할, 의학과 산업에서의 응용을 폭넓게 설명한 현대 미생물학의 표준서.','https://contents.kyobobook.co.kr/sih/fit-in/458x0/pdt/9788968240980.jpg',170,250,1156,'TEMPORARILY_OUT_OF_STOCK',10,'2024-01-14 16:40:00'),('9788947548266',622,'조각의 역사','Herbert Read','갤리온',28800,8.5,'리드의 조각사','허버트 리드가 쓴 조각사의 고전적 저작. 고대부터 현대까지 조각의 발전 과정과 양식 변화를 체계적으로 분석한다. 동서양의 조각 전통을 비교하며 조각 예술의 본질과 표현 방법의 변천을 깊이 있게 탐구한 조각 예술의 필수 교양서.','https://contents.kyobobook.co.kr/sih/fit-in/458x0/pdt/9791157771615.jpg',170,245,428,'ON_SALE',10,'2024-03-20 12:10:00'),('9788947548267',714,'어휘론','임지룡','갤리온',19800,8.5,'단어의 의미와 체계','언어학자 임지룡이 어휘의 구조와 의미 체계를 분석한 어휘론 교재. 단어의 형성과 의미 관계, 어휘 체계의 변화와 발전을 다루며, 어휘 교육과 사전 편찬의 이론적 기초를 제시한다. 한국어 어휘의 특성과 외래어 수용 과정을 중심으로 어휘론의 이론과 실제를 종합한다.','https://contents.kyobobook.co.kr/sih/fit-in/458x0/pdt/9788968178320.jpg',148,215,385,'ON_SALE',10,'2024-01-18 15:35:00'),('9788947548372',409,'엔트로피','Jeremy Rifkin','갤리온',17100,8.4,'새로운 세계관을 위한 물리학','제러미 리프킨이 엔트로피 법칙을 통해 현대 문명의 한계와 미래를 전망한 책. 열역학 법칙이 경제, 사회, 환경에 미치는 영향을 분석하고, 지속가능한 문명을 위한 새로운 패러다임을 제시한다. 과학적 원리와 사회적 통찰이 결합된 미래학적 저작.','https://contents.kyobobook.co.kr/sih/fit-in/458x0/pdt/9788986698824.jpg',140,205,356,'ON_SALE',10,'2024-01-18 10:25:00'),('9788947548373',701,'언어의 기원','Derek Bickerton','갤리온',19800,8.4,'인간은 어떻게 말을 하게 되었나','데렉 비커튼이 인간 언어의 기원과 진화 과정을 탐구한 언어학 연구서. 원시인류의 의사소통 방식부터 현대 언어의 복잡성까지 언어 발달의 단계를 과학적으로 분석한다. 언어학, 인류학, 진화생물학을 결합한 학제간 연구의 성과를 보여주는 흥미로운 언어 기원론.','https://contents.kyobobook.co.kr/sih/fit-in/458x0/pdt/9791159314377.jpg',145,210,356,'TEMPORARILY_OUT_OF_STOCK',10,'2024-03-08 12:40:00'),('9788947548374',201,'이슬람의 이해','하미드 다바시','갤리온',24300,8.5,'이슬람 문명과 사상','하미드 다바시가 이슬람의 역사, 신앙, 문화를 종합적으로 소개한 이슬람 입문서. 코란과 하디스의 내용, 이슬람 법과 신학, 수피즘과 철학 등을 균형있게 다룬다. 서구 중심적 시각을 벗어나 이슬람 문명의 독창성과 현대적 의미를 객관적으로 탐구한 종교학 교양서.','https://contents.kyobobook.co.kr/sih/fit-in/458x0/pdt/9788941999218.jpg',148,215,456,'TEMPORARILY_OUT_OF_STOCK',10,'2024-03-08 12:15:00'),('9788947548378',609,'모네','Daniel Wildenstein','갤리온',24300,8.9,'인상주의의 아버지','클로드 모네의 생애와 작품을 종합적으로 다룬 화가 전기. 인상주의 탄생 과정과 모네의 예술적 발전, 주요 작품들의 창작 배경을 상세히 분석한다. 풍부한 도판과 함께 모네의 혁신적인 회화 기법과 빛에 대한 탐구를 보여주는 미술서.','https://contents.kyobobook.co.kr/sih/fit-in/458x0/pdt/9788960536241.jpg',180,250,428,'ON_SALE',10,'2024-03-08 11:45:00'),('9788947548578',671,'음악의 역사','Donald Grout','갤리온',32400,8.8,'그라우트 서양음악사','도널드 그라우트가 쓴 서양음악사의 표준 교재. 고대 그리스 음악부터 현대 음악까지 서양 음악의 발전 과정을 시대순으로 체계적으로 서술한다. 음악 이론과 역사적 맥락을 균형있게 다루어 음악사 교육의 기본서 역할을 하는 권위있는 저작.','https://contents.kyobobook.co.kr/sih/fit-in/458x0/pdt/9791171650262.jpg',160,235,856,'TEMPORARILY_OUT_OF_STOCK',10,'2024-03-16 10:35:00'),('9788947548596',409,'뇌과학의 모든 것','Antonio Damasio','갤리온',22500,8.9,'의식과 감정의 신경과학','안토니오 다마지오가 뇌과학과 의식 연구의 최신 성과를 정리한 책. 감정과 의식의 신경학적 기초, 뇌 손상과 인격 변화의 관계 등을 사례를 통해 설명한다. 뇌과학이 인간의 마음과 행동을 어떻게 설명하는지를 보여주는 현대 신경과학의 종합서.','https://contents.kyobobook.co.kr/sih/fit-in/458x0/pdt/9788958625957.jpg',152,225,485,'ON_SALE',10,'2024-01-24 15:55:00'),('9788947548597',701,'화용론','Stephen Levinson','갤리온',21600,8.4,'언어 사용의 원리','스티븐 레빈슨이 쓴 화용론의 권위있는 교재. 맥락과 의미, 함의와 전제, 화행과 대화 원리 등 화용론의 핵심 개념들을 체계적으로 설명한다. 언어의 문자적 의미를 넘어 실제 사용에서 나타나는 의미 현상을 분석하여 언어 이해의 새로운 차원을 제시한다.','https://contents.kyobobook.co.kr/sih/fit-in/458x0/pdt/9791169192798.jpg',145,210,385,'ON_SALE',10,'2024-02-18 13:25:00'),('9788947548598',231,'신학 개론','알리스터 맥그래스','갤리온',26100,8.8,'기독교 신학의 기초','알리스터 맥그래스가 기독교 신학의 기본 주제들을 체계적으로 정리한 신학 입문서. 계시론, 신론, 기독론, 성령론, 교회론, 종말론 등 조직신학의 전 분야를 균형있게 다룬다. 성서적 기초와 교회사적 발전, 현대적 적용을 연결하여 기독교 신학의 본질과 현재적 의미를 탐구한 신학 교재.','https://contents.kyobobook.co.kr/sih/fit-in/458x0/pdt/9791186409497.jpg',160,235,568,'ON_SALE',10,'2024-02-18 14:20:00'),('9788947548739',413,'통계학의 이해','David Freedman','갤리온',26100,8.4,'통계적 사고의 기초','데이비드 프리드먼이 통계학의 기본 개념과 응용을 일반인도 이해할 수 있게 설명한 통계학 입문서. 확률, 표본조사, 가설검정 등의 핵심 개념을 실제 사례를 통해 설명한다. 수식보다는 개념 이해에 중점을 두어 통계적 사고력을 기르는 데 도움이 되는 교양 통계학서.','https://contents.kyobobook.co.kr/sih/fit-in/458x0/pdt/9791191812473.jpg',152,225,485,'ON_SALE',10,'2024-02-28 16:45:00'),('9788947548740',658,'디자인의 역사','John Heskett','갤리온',22500,8.5,'헤스켓의 디자인사','존 헤스켓이 산업혁명 이후 디자인의 발전 과정을 분석한 디자인사. 산업디자인, 그래픽디자인, 패션디자인 등 디자인의 모든 분야를 아우르며, 기술과 사회 변화가 디자인에 미친 영향을 탐구한다. 현대 디자인의 이론과 실제를 이해하는 데 필수적인 디자인학 교양서.','https://contents.kyobobook.co.kr/sih/fit-in/458x0/pdt/9791128816581.jpg',155,230,385,'ON_SALE',10,'2024-01-18 14:40:00'),('9788947548829',911,'근대 한국의 탄생','개리 레드야드','갤리온',23400,8.6,'19세기 조선의 변화','19세기 조선 사회의 변화와 근대화 과정을 서구 학자의 시각에서 분석한 연구서. 서구 문물의 도입과 전통 사회의 변화, 개항과 근대화의 모순 등을 객관적으로 다룬다. 조선의 근대화 과정을 국제적 맥락에서 이해할 수 있는 중요한 연구 성과.','https://contents.kyobobook.co.kr/sih/fit-in/458x0/pdt/9791167071736.jpg',148,215,485,'ON_SALE',10,'2024-02-24 12:40:00'),('9788947548951',472,'신경과학 원리','Eric Kandel','갤리온',81000,9.3,'칸델의 신경과학 원리 제5판','에릭 칸델이 집필한 신경과학의 바이블. 신경계의 구조와 기능, 신경전달, 학습과 기억의 분자적 기초를 종합적으로 다룬다. 노벨상 수상자가 저술한 가장 권위있는 신경과학 교재로, 뇌과학 연구의 최신 성과를 망라한 전문서.','https://contents.kyobobook.co.kr/sih/fit-in/458x0/pdt/9788972244509.jpg',185,270,1568,'ON_SALE',10,'2024-03-12 16:15:00'),('9788947548963',194,'하버드 새벽 4시 반','웨이슈잉','갤리온',15300,8.2,'성공하는 사람들의 새벽 시간 활용법','중국의 베스트셀러 작가 웨이슈잉이 성공한 사람들의 시간 관리 비법을 정리한 책. 새벽 시간을 활용한 자기계발과 생산성 향상 방법을 구체적으로 제시한다. 하버드 학생들의 학습 습관과 시간 관리법을 통해 성공의 원리를 탐구하는 자기계발서.','https://contents.kyobobook.co.kr/sih/fit-in/458x0/pdt/9791191669749.jpg',140,205,268,'ON_SALE',10,'2024-01-14 14:55:00'),('9788947549163',409,'생명의 기원','Antonio Lazcano','갤리온',19800,8.7,'무기물에서 생명체까지','안토니오 라즈카노가 생명의 기원에 대한 최신 과학적 연구 성과를 정리한 책. RNA 세계 가설, Miller-Urey 실험, 화학진화 이론 등을 통해 생명이 어떻게 탄생했는지를 탐구한다. 무기물에서 유기물로, 유기물에서 생명체로의 진화 과정을 과학적으로 추적한 생명과학서.','https://contents.kyobobook.co.kr/sih/fit-in/458x0/pdt/9791158887742.jpg',145,210,385,'ON_SALE',10,'2024-02-14 14:30:00'),('9788947549164',701,'수사학','Aristotle','갤리온',18000,8.5,'아리스토텔레스의 수사학','아리스토텔레스의 수사학 원전을 현대적으로 해석한 고전 강독서. 설득의 기술과 웅변의 원리를 체계적으로 정리한 수사학의 고전을 통해 효과적인 의사소통의 방법을 학습한다. 고대 그리스의 지혜가 현대 커뮤니케이션에 주는 시사점을 탐구한 언어 교양서.','https://contents.kyobobook.co.kr/sih/fit-in/458x0/pdt/9791190398152.jpg',140,205,315,'ON_SALE',10,'2024-03-22 14:30:00'),('9788947549165',201,'힌두교의 세계','가빈 플러드','갤리온',22500,8.4,'힌두교의 역사와 사상','가빈 플러드가 힌두교의 복잡하고 다양한 전통을 체계적으로 정리한 힌두교 개론서. 베다 종교부터 현대 힌두교까지의 발전 과정과 주요 철학 학파들의 사상을 다룬다. 카스트 제도, 요가, 순례, 축제 등 힌두교 문화의 다양한 측면을 포괄적으로 소개한 종교학 교양서.','https://contents.kyobobook.co.kr/sih/fit-in/458x0/pdt/9791156121992.jpg',150,220,428,'ON_SALE',10,'2024-03-22 13:25:00'),('9788947549169',609,'레오나르도 다 빈치','Walter Isaacson','갤리온',26100,9.0,'천재의 비밀','월터 아이작슨이 레오나르도 다 빈치의 생애와 업적을 종합적으로 분석한 전기. 화가, 발명가, 과학자, 엔지니어로서의 다빈치의 다재다능함과 창의적 사고 과정을 탐구한다. 예술과 과학을 통합한 르네상스적 천재의 사고법을 현대적 관점에서 해석한 걸작.','https://contents.kyobobook.co.kr/sih/fit-in/458x0/pdt/9788950980221.jpg',165,240,568,'ON_SALE',10,'2024-04-10 12:25:00'),('9788947549485',201,'종교교육학','존 듀이','갤리온',20700,8.4,'종교와 교육의 만남','존 듀이가 종교 교육의 이론과 실제를 체계적으로 정리한 종교교육학 교재. 종교 교육의 목적과 방법, 종교와 도덕 교육의 관계, 종교 교육의 현대적 과제 등을 다룬다. 종교 교육의 효과적인 방법론과 교육적 가치를 탐구한 종교교육학 개론서.','https://contents.kyobobook.co.kr/sih/fit-in/458x0/pdt/9791165161972.jpg',145,210,356,'ON_SALE',10,'2024-04-18 11:15:00'),('9788947549486',472,'해부학 아틀라스','Frank Netter','갤리온',72000,9.2,'네터 해부학 아틀라스 제7판','프랭크 네터의 정밀한 해부학 그림으로 구성된 해부학 교재의 고전. 인체의 모든 기관과 조직을 시각적으로 완벽하게 재현한 그림들로 해부학적 구조를 명확하게 보여준다. 의학도와 의료진을 위한 가장 권위있는 해부학 참고서.','https://contents.kyobobook.co.kr/sih/fit-in/458x0/pdt/9791161271903.jpg',180,260,668,'ON_SALE',10,'2024-04-20 10:35:00'),('9788947549487',651,'색채학 개론','임산','갤리온',18000,8.3,'색채의 과학과 예술','색채학자 임산이 색채의 과학적 원리와 예술적 응용을 체계적으로 설명한 색채학 교재. 색의 물리적 특성, 시각적 효과, 심리적 영향을 다루고, 디자인과 예술에서의 색채 활용법을 제시한다. 미술, 디자인, 건축 등 시각 예술 분야의 기초 이론서.','https://contents.kyobobook.co.kr/sih/fit-in/458x0/pdt/9788970231891.jpg',140,205,285,'ON_SALE',10,'2024-01-22 16:45:00'),('9788947549488',707,'언어 교수법','Jack Richards','갤리온',22500,8.6,'외국어 교육의 이론과 실제','잭 리차즈가 외국어 교육의 다양한 접근법을 체계적으로 정리한 언어 교수법 교재. 문법번역법부터 의사소통 접근법까지 언어 교수법의 발전 과정을 추적하고, 각 방법론의 특징과 장단점을 분석한다. 효과적인 언어 교육을 위한 이론적 기초와 실용적 지침을 균형있게 제시한다.','https://contents.kyobobook.co.kr/sih/fit-in/458x0/pdt/9788997381579.jpg',155,230,428,'ON_SALE',10,'2024-04-14 11:55:00'),('9788947549642',491,'동물행동학','John Alcock','갤리온',32400,8.7,'알콕의 동물행동학 제10판','존 알콕이 쓴 동물행동학의 권위있는 교재. 동물의 행동을 진화론적, 생리학적, 생태학적 관점에서 종합적으로 분석한다. 행동의 적응적 의미와 발달 과정을 다양한 사례를 통해 설명하며, 행동생물학의 핵심 개념들을 체계적으로 정리한 전문서.','https://contents.kyobobook.co.kr/sih/fit-in/458x0/pdt/9788958813019.jpg',160,235,658,'ON_SALE',10,'2024-02-24 13:10:00'),('9788947549827',472,'생태학의 이해','Eugene Odum','갤리온',28800,8.7,'오덤의 생태학 제5판','유진 오덤이 쓴 생태학의 고전적 교재. 개체, 개체군, 군집, 생태계 수준에서의 생태학적 원리를 체계적으로 설명한다. 물질순환, 에너지흐름, 생물다양성 등 생태학의 핵심 개념들을 풍부한 사례와 함께 다룬 환경과학의 기초서.','https://contents.kyobobook.co.kr/sih/fit-in/458x0/pdt/9788988421680.jpg',160,235,658,'TEMPORARILY_OUT_OF_STOCK',10,'2024-01-20 13:40:00'),('9788947549828',671,'한국 전통음악','장사훈','갤리온',24300,8.7,'국악의 이해','국악학자 장사훈이 한국 전통음악의 이론과 실제를 체계적으로 정리한 국악 개론서. 궁중음악, 민속음악, 종교음악 등 국악의 모든 분야를 포괄하며, 국악기와 연주법, 음계와 장단을 상세히 설명한다. 한국 음악의 독창성과 아름다움을 이해하는 데 필수적인 국악 교양서.','https://contents.kyobobook.co.kr/sih/fit-in/458x0/pdt/9788986112054.jpg',152,225,485,'ON_SALE',10,'2024-02-22 16:25:00'),('9788947549829',701,'담화분석','Ruth Wodak','갤리온',20700,8.3,'텍스트와 담화의 구조','루스 보닥이 담화분석의 이론과 방법론을 체계적으로 정리한 담화분석 교재. 텍스트의 구조와 기능, 담화의 사회적 맥락과 이데올로기적 함의를 분석하는 방법을 제시한다. 언어학과 사회학을 연결하는 학제간 연구 방법론으로서 담화분석의 가능성을 탐구한다.','https://contents.kyobobook.co.kr/sih/fit-in/458x0/pdt/9788968171208.jpg',145,210,356,'TEMPORARILY_OUT_OF_STOCK',10,'2024-02-20 11:30:00'),('9788947549830',201,'신화학','조지프 캠벨','갤리온',25200,8.6,'신화의 힘','조지프 캠벨이 세계 각국의 신화를 비교 분석한 신화학 연구서. 영웅의 여정, 창조 신화, 죽음과 부활의 신화 등 보편적 신화 주제들을 탐구한다. 신화가 인간의 무의식과 문화에 미치는 영향을 분석하여 신화의 현대적 의미를 발견한 신화학의 고전.','https://contents.kyobobook.co.kr/sih/fit-in/458x0/pdt/9788935656547.jpg',155,230,568,'TEMPORARILY_OUT_OF_STOCK',10,'2024-02-20 11:20:00'),('9788950961283',324,'도요타 생산 시스템','Jeffrey Liker','21세기북스',24300,8.4,'세계 최고 제조업체의 비밀','미시간대학교 제프리 라이커 교수가 20년간 연구한 도요타의 생산 시스템과 경영 철학. 도요타가 세계 1위 자동차 회사로 성장할 수 있었던 14가지 경영 원칙과 지속적 개선(카이젠) 문화를 상세히 분석한다. 제조업뿐만 아니라 모든 산업 분야에서 적용할 수 있는 운영 우수성의 원리를 담고 있다.','https://contents.kyobobook.co.kr/sih/fit-in/458x0/pdt/9788947544238.jpg',155,230,568,'ON_SALE',10,'2024-03-12 16:10:00'),('9788950961394',331,'실행의 기술','Larry Bossidy','21세기북스',18000,8.6,'전략을 현실로 만드는 실행력','허니웰 전 CEO 래리 보시디가 40년간의 경영 경험을 바탕으로 쓴 실행 중심의 경영서. 뛰어난 전략도 제대로 실행되지 않으면 의미가 없다는 관점에서, 조직의 실행력을 높이는 구체적인 방법들을 제시한다. 사람, 전략, 운영의 3가지 핵심 프로세스를 통한 실행 문화 구축 방안을 담고 있다.','https://contents.kyobobook.co.kr/sih/fit-in/458x0/pdt/9791139124613.jpg',145,210,385,'TEMPORARILY_OUT_OF_STOCK',10,'2024-03-16 10:45:00'),('9788950962194',911,'항일무장투쟁사','박찬승','21세기북스',24300,8.8,'무력으로 일제에 맞서다','일제강점기 무력항일투쟁의 전개 과정과 성과를 종합적으로 분석한 독립운동사 연구서. 독립군의 무장투쟁, 의열단의 활동, 중국 관내와 만주에서의 항일 무장투쟁을 상세히 다룬다. 민족의 무력 저항 의지와 독립 의지를 보여주는 감동적인 역사 기록.','https://contents.kyobobook.co.kr/sih/fit-in/458x0/pdt/9788976962249.jpg',152,225,628,'ON_SALE',10,'2024-01-18 11:55:00'),('9788950962385',331,'브랜드 갭','Marty Neumeier','21세기북스',16200,8.4,'전략과 디자인을 잇는 브랜드 경영','브랜드 전략가 마티 뉴마이어가 브랜드의 전략적 가치와 디자인의 역할을 설명한 책. 브랜드와 브랜딩의 차이, 브랜드 포지셔닝 전략, 브랜드 아이덴티티 구축 방법 등을 체계적으로 다룬다. 마케팅과 디자인 부서 간의 협력을 통해 강력한 브랜드를 만드는 실용적 지침을 제공한다.','https://contents.kyobobook.co.kr/sih/fit-in/458x0/pdt/9788952782007.jpg',140,205,248,'ON_SALE',10,'2024-03-18 11:25:00'),('9788950962451',194,'순간을 사는 지혜','에크하르트 톨레','21세기북스',17100,8.7,'지금 이 순간에 깨어있기','영성 작가 에크하르트 톨레가 현재 순간의 힘과 의식적 삶에 대해 쓴 책. 과거의 후회나 미래의 불안에서 벗어나 현재에 집중하는 방법을 제시한다. 마음챙김과 명상을 통해 내면의 평화를 찾고, 진정한 행복을 경험하는 영성 수행의 가이드.','https://contents.kyobobook.co.kr/sih/fit-in/458x0/pdt/9788970271811.jpg',145,210,356,'ON_SALE',10,'2024-03-18 12:25:00'),('9788950962478',325,'경쟁 전략','Michael Porter','21세기북스',27000,9.0,'마이클 포터의 경쟁 전략론','하버드 비즈니스스쿨 마이클 포터 교수의 경쟁 전략 이론의 바이블. 5가지 경쟁 세력 분석, 가치 사슬 분석, 일반적 전략 등 전략 경영의 핵심 프레임워크를 제시한다. 30년 이상 전 세계 경영진들의 필독서로 여겨지는 전략 경영학의 고전이며, 현재도 유효한 경영 전략의 기초 이론을 담고 있다.','https://contents.kyobobook.co.kr/sih/fit-in/458x0/pdt/9791186220313.jpg',160,235,658,'ON_SALE',10,'2024-02-14 10:15:00'),('9788950962573',409,'일반화학','Raymond Chang','자유아카데미',38700,8.7,'창의 일반화학 제7판','레이먼드 창이 쓴 일반화학의 표준 교재. 원자구조부터 화학반응, 열역학, 화학평형까지 화학의 전 분야를 체계적으로 다룬다. 풍부한 예제와 그림을 통해 복잡한 화학 개념들을 이해하기 쉽게 설명한 대학 화학 교육의 필수서.','https://contents.kyobobook.co.kr/sih/fit-in/458x0/pdt/9791158082444.jpg',165,245,1056,'TEMPORARILY_OUT_OF_STOCK',10,'2024-03-14 12:25:00'),('9788950962575',609,'미켈란젤로','Irving Stone','21세기북스',21600,8.6,'르네상스의 거장','어빙 스톤이 미켈란젤로의 생애를 소설 형식으로 재구성한 전기소설. 시스티나 성당 천장화와 다비드상 등 불멸의 작품을 남긴 미켈란젤로의 예술혼과 인간적 고뇌를 생생하게 그려낸다. 르네상스 시대의 예술과 사회상을 배경으로 한 감동적인 예술가 이야기.','https://contents.kyobobook.co.kr/sih/fit-in/458x0/pdt/9788961771665.jpg',150,220,568,'ON_SALE',10,'2024-03-22 15:40:00'),('9788950962576',701,'언어심리학','Jean Berko Gleason','21세기북스',24300,8.8,'언어와 인지의 관계','진 버코 글리슨이 언어와 인지의 관계를 심리학적 관점에서 분석한 언어심리학 교재. 언어 습득, 언어 처리, 언어 장애 등을 인지과학의 최신 연구 성과를 바탕으로 설명한다. 언어학과 심리학을 연결하는 학제간 연구의 흥미로운 결과들을 소개한다.','https://contents.kyobobook.co.kr/sih/fit-in/458x0/pdt/9788999731525.jpg',155,230,528,'ON_SALE',10,'2024-02-22 10:15:00'),('9788950962577',233,'구약성서 개론','베른하르트 안더슨','21세기북스',35100,8.7,'히브리 성서의 세계','베른하르트 안더슨이 구약성서의 역사적 배경과 문학적 특성을 종합적으로 분석한 구약학 교재. 오경, 역사서, 지혜서, 예언서의 형성 과정과 신학적 주제들을 체계적으로 다룬다. 고대 근동의 종교문화적 맥락에서 구약성서의 독창성과 보편성을 균형있게 조명한 성서학 개론서.','https://contents.kyobobook.co.kr/sih/fit-in/458x0/pdt/9788951102455.jpg',170,250,968,'ON_SALE',10,'2024-02-22 16:30:00'),('9788950962751',331,'스키마','Jordan Peterson','21세기북스',19800,8.4,'복잡한 세상을 이해하는 사고의 틀','캐나다의 심리학자 조던 피터슨이 인간의 사고 체계와 의미 창조에 대해 쓴 책. 개인의 성장과 조직의 발전을 위한 심리학적 통찰을 제공하며, 불확실한 시대를 살아가는 현대인들에게 필요한 정신적 기초를 다지는 방법을 제시한다. 철학적 깊이와 실용적 지혜를 겸비한 자기계발 및 리더십 지침서.','https://contents.kyobobook.co.kr/sih/fit-in/458x0/pdt/480D250573960.jpg',145,210,385,'ON_SALE',10,'2024-03-30 11:40:00'),('9788950962848',409,'코스모스','Carl Sagan','사이언스북스',21600,9.2,'새로운 번역 완역판','천문학자 칼 세이건이 일반인들을 위해 우주의 신비를 풀어낸 과학 교양서의 고전. 빅뱅부터 생명의 진화, 외계 생명체 탐사까지 우주와 생명에 대한 포괄적인 이야기를 아름다운 문체로 담아냈다. 과학적 사실과 철학적 성찰이 어우러진 감동적인 우주 이야기.','https://contents.kyobobook.co.kr/sih/fit-in/458x0/pdt/9788983711892.jpg',152,220,658,'ON_SALE',10,'2024-01-22 14:15:00'),('9788950963189',331,'블록체인 혁명','Don Tapscott','21세기북스',21600,8.4,'블록체인이 바꿀 비즈니스의 미래','디지털 경제학의 아버지 돈 탭스콧이 블록체인 기술이 가져올 비즈니스와 사회의 변화를 예측한 책. 금융 서비스부터 공급망 관리, 정부 서비스까지 블록체인이 혁신할 수 있는 다양한 분야를 분석한다. 신뢰, 투명성, 탈중앙화를 기반으로 한 새로운 경제 시스템의 가능성을 탐구한다.','https://contents.kyobobook.co.kr/sih/fit-in/458x0/pdt/9788932473970.jpg',152,225,485,'ON_SALE',10,'2024-03-24 10:35:00'),('9788950963192',134,'나를 소모하지 않는 현명한 태도에 관하여','마티아스 뇰케','21세기북스',15300,8.6,'번아웃에서 벗어나는 지혜','독일의 철학자 마티아스 뇰케가 현대인의 소진 상태와 그 해결책에 대해 쓴 책. 끊임없는 성과 압박과 효율성 추구에서 벗어나 자신을 소모하지 않는 삶의 방식을 제시한다. 진정한 여유와 충만함을 찾는 철학적 성찰을 담은 힐링 에세이.','https://contents.kyobobook.co.kr/sih/fit-in/458x0/pdt/9791198682505.jpg',135,200,248,'TEMPORARILY_OUT_OF_STOCK',12,'2024-03-24 13:35:00'),('9788950963193',409,'괴델, 에셔, 바흐','Douglas Hofstadter','21세기북스',28800,9.0,'영원한 황금 노끈','더글러스 호프스태터가 수학, 예술, 음악을 통해 의식과 인공지능의 문제를 탐구한 독창적인 저작. 괴델의 불완전성 정리, 에셔의 무한 그림, 바흐의 푸가를 연결하여 자기지시와 재귀의 개념을 설명한다. 인지과학과 인공지능의 철학적 기초를 다진 혁신적 사고의 결과물.','https://contents.kyobobook.co.kr/sih/fit-in/458x0/pdt/9788972916383.jpg',160,235,748,'ON_SALE',10,'2024-04-08 16:50:00'),('9788950963574',325,'크리에이티브 마인드','John Cleese','21세기북스',17100,8.3,'몬티 파이튼의 존 클리스가 말하는 창의성','영국의 코미디언이자 배우인 존 클리스가 개인과 조직의 창의성을 높이는 방법을 설명한 책. 창의적 사고의 5가지 조건과 창의성을 방해하는 요소들을 분석하고, 누구나 창의적으로 일할 수 있는 환경과 방법을 제시한다. 유머와 통찰이 어우러진 독특한 창의성 개발 가이드.','https://contents.kyobobook.co.kr/sih/fit-in/458x0/pdt/9788950927738.jpg',140,205,268,'TEMPORARILY_OUT_OF_STOCK',33,'2024-03-22 10:20:00'),('9788950963752',325,'린 인','Sheryl Sandberg','21세기북스',16200,8.2,'페이스북 COO가 말하는 여성 리더십','페이스북 COO 셰릴 샌드버그가 여성의 사회적 성공과 리더십에 대해 쓴 책. 직장에서 여성이 마주하는 구조적 장벽들을 분석하고, 여성 스스로 극복할 수 있는 방법들을 제시한다. 성별에 관계없이 리더십과 커리어 개발에 관심 있는 모든 직장인들에게 유용한 인사이트를 제공한다.','https://contents.kyobobook.co.kr/sih/fit-in/458x0/pdt/4800753549063.jpg',140,205,285,'ON_SALE',10,'2024-04-05 14:55:00'),('9788954641286',813,'카라마조프 가의 형제들','Fyodor Dostoevsky','민음사',27000,8.9,'도스토예프스키의 최후작','표도르 도스토예프스키의 최후작으로 카라마조프 가문의 아버지 살해사건을 중심으로 한 대하소설. 신과 인간, 선과 악에 대한 철학적 탐구를 담고 있는 세계 문학사의 불멸의 걸작이다.','https://contents.kyobobook.co.kr/sih/fit-in/458x0/pdt/9788937461545.jpg',155,225,1368,'ON_SALE',10,'2024-04-18 12:15:00'),('9788954641296',813,'허클베리 핀의 모험','Mark Twain','민음사',14850,8.4,'마크 트웨인의 대표작','마크 트웨인의 대표작으로 허클베리 핀의 미시시피 강 모험을 그린 소설. 19세기 미국의 인종차별과 사회 문제를 비판하며, 자유와 우정의 가치를 그려낸 미국 문학의 고전이다.','https://contents.kyobobook.co.kr/sih/fit-in/458x0/pdt/9788937460067.jpg',135,200,385,'TEMPORARILY_OUT_OF_STOCK',10,'2024-04-14 15:40:00'),('9788954641569',813,'햄릿','William Shakespeare','민음사',12600,9.1,'셰익스피어의 4대 비극','윌리엄 셰익스피어의 대표작으로 덴마크 왕자 햄릿의 복수를 그린 비극. \"죽느냐 사느냐 그것이 문제로다\"라는 유명한 독백으로 잘 알려진 세계 연극사의 불멸의 고전이다.','https://contents.kyobobook.co.kr/sih/fit-in/458x0/pdt/9788937460036.jpg',128,188,285,'ON_SALE',10,'2024-02-08 12:30:00'),('9788954641723',813,'마음','나츠메 소세키','민음사',13500,8.4,'근대 일본의 고전','나츠메 소세키의 대표작으로 메이지 시대 일본의 지식인들의 고뇌를 그린 소설. 전통과 근대, 동양과 서양의 갈등 속에서 방황하는 인간의 내면을 섬세하게 그려낸 근대 일본 문학의 걸작이다.','https://contents.kyobobook.co.kr/sih/fit-in/458x0/pdt/9788932317960.jpg',128,188,315,'ON_SALE',10,'2024-02-26 12:20:00'),('9788954641852',813,'폭풍','William Shakespeare','민음사',11700,8.2,'셰익스피어의 마지막 작품','윌리엄 셰익스피어의 마지막 작품으로 프로스페로의 복수와 용서를 그린 로맨스. 마법과 환상, 용서와 화해를 다룬 셰익스피어 후기의 철학적 작품이다.','https://contents.kyobobook.co.kr/sih/fit-in/458x0/pdt/480D250483430.jpg',128,188,148,'ON_SALE',10,'2024-02-18 15:20:00'),('9788954642159',813,'리어 왕','William Shakespeare','민음사',12600,8.5,'셰익스피어의 4대 비극','윌리엄 셰익스피어의 4대 비극 중 하나로 리어 왕과 두 딸의 이야기를 그린 작품. 가족관계와 권력, 자연과 인위를 다룬 셰익스피어 후기의 걸작이다.','https://contents.kyobobook.co.kr/sih/fit-in/458x0/pdt/9788937461279.jpg',130,190,248,'TEMPORARILY_OUT_OF_STOCK',10,'2024-02-20 13:10:00'),('9788954642395',813,'참을 수 없는 존재의 가벼움','Milan Kundera','민음사',16200,8.7,'쿤데라의 대표작','밀란 쿤데라의 대표작으로 1968년 체코를 배경으로 한 사랑과 정치의 이야기. 존재의 가벼움과 무거움을 철학적으로 탐구하며, 역사와 개인의 삶이 교차하는 복잡한 인간사를 그려낸 작품이다.','https://contents.kyobobook.co.kr/sih/fit-in/458x0/pdt/9788937462344.jpg',135,200,385,'ON_SALE',33,'2024-02-12 14:40:00'),('9788954642678',813,'제인 에어','Charlotte Brontë','민음사',16200,8.7,'고딕 로맨스의 고전','샬롯 브론테의 대표작으로 고아 소녀 제인 에어의 성장과 사랑을 그린 소설. 여성의 자립과 평등한 사랑에 대한 의지를 그려낸 19세기 여성문학의 걸작이다.','https://contents.kyobobook.co.kr/sih/fit-in/458x0/pdt/9788937461095.jpg',135,200,584,'ON_SALE',10,'2024-04-15 10:40:00'),('9788954642753',813,'대부','Mario Puzo','민음사',17100,8.8,'마피아 소설의 고전','마리오 푸조의 대표작으로 코를레오네 가문의 이야기를 그린 범죄소설. 가족과 충성, 권력과 복수를 다룬 20세기 미국 문학의 걸작으로 영화로도 큰 성공을 거두었다.','https://contents.kyobobook.co.kr/sih/fit-in/458x0/pdt/9788988151310.jpg',140,210,568,'ON_SALE',10,'2024-04-16 10:20:00'),('9788954642852',813,'폭풍의 언덕','Emily Brontë','민음사',15300,8.5,'에밀리 브론테의 대표작','에밀리 브론테의 유일한 장편소설로 히스클리프와 캐서린의 격정적인 사랑을 그린 고딕 로맨스. 복수와 사랑, 계급 갈등을 다룬 19세기 영문학의 걸작이다.','https://contents.kyobobook.co.kr/sih/fit-in/458x0/pdt/9788937461187.jpg',135,200,448,'ON_SALE',10,'2024-04-10 09:55:00'),('9788954655123',813,'이든의 동쪽','John Steinbeck','민음사',18900,8.7,'선악에 대한 대서사시','존 스타인벡의 후기 대표작으로 트래스크와 해밀턴 가문의 3대에 걸친 이야기. 성경의 카인과 아벨 이야기를 모티프로 한 선악에 대한 철학적 탐구를 담고 있다.','https://contents.kyobobook.co.kr/sih/fit-in/458x0/pdt/9788937461811.jpg',145,215,756,'ON_SALE',10,'2024-02-16 14:15:00'),('9788954655234',813,'맥베스','William Shakespeare','민음사',11700,8.7,'야망과 몰락의 비극','윌리엄 셰익스피어의 4대 비극 중 하나로 스코틀랜드 장군 맥베스의 야망과 몰락을 그린 작품. 권력욕과 죄의식, 운명과 자유의지를 다룬 셰익스피어의 걸작이다.','https://contents.kyobobook.co.kr/sih/fit-in/458x0/pdt/9788937460999.jpg',128,188,185,'ON_SALE',10,'2024-04-22 11:40:00'),('9788954655456',813,'이방인','Albert Camus','민음사',12600,8.6,'실존주의 문학의 대표작','알베르 카뮈의 대표작으로 부조리한 세계에서 살아가는 인간의 모습을 그린 소설. 뫼르소라는 인물을 통해 실존주의적 삶의 자세를 탐구한 20세기 프랑스 문학의 걸작이다.','https://contents.kyobobook.co.kr/sih/fit-in/458x0/pdt/9788937443848.jpg',128,188,184,'ON_SALE',10,'2024-04-08 11:30:00'),('9788954655567',813,'베니스의 상인','William Shakespeare','민음사',11700,8.4,'정의와 자비의 희극','윌리엄 셰익스피어의 희극으로 베니스의 상인 안토니오와 유대인 샤일록의 이야기. 정의와 자비, 편견과 관용을 다룬 셰익스피어의 문제극이다.','https://contents.kyobobook.co.kr/sih/fit-in/458x0/pdt/9788937462627.jpg',128,188,185,'ON_SALE',10,'2024-04-12 10:30:00'),('9788954655698',813,'안나 카레니나','Leo Tolstoy','민음사',21600,8.8,'톨스토이의 대표작','레프 톨스토이의 대표작으로 19세기 러시아 귀족 사회를 배경으로 한 대하소설. 안나 카레니나의 비극적 사랑과 레빈의 영적 성장을 통해 인간의 삶과 사랑, 도덕을 깊이 있게 탐구한 작품이다.','https://contents.kyobobook.co.kr/sih/fit-in/458x0/pdt/9788937462191.jpg',150,220,896,'ON_SALE',10,'2024-02-22 11:15:00'),('9788954655789',813,'몬테크리스토 백작','Alexandre Dumas','민음사',21600,8.6,'복수와 용서의 대서사시','알렉상드르 뒤마의 대표작으로 에드몽 당테스의 복수와 구원을 그린 모험소설. 배신과 복수, 용서와 구원을 주제로 한 19세기 프랑스 문학의 대표작이다.','https://contents.kyobobook.co.kr/sih/fit-in/458x0/pdt/9788937403866.jpg',150,220,1248,'ON_SALE',10,'2024-02-24 11:35:00'),('9788954655890',813,'동물농장','George Orwell','민음사',11700,8.9,'전체주의에 대한 우화','조지 오웰의 정치 우화로 동물들의 혁명과 타락을 그린 작품. 러시아 혁명과 스탈린 체제를 풍자한 20세기 문학의 고전으로, 권력의 부패에 대한 경고를 담고 있다.','https://contents.kyobobook.co.kr/sih/fit-in/458x0/pdt/9788937460050.jpg',125,185,132,'ON_SALE',10,'2024-04-06 13:35:00'),('9788959897223',321,'트렌드 코리아 2025','김난도','미래의창',18000,9.7,'경계가 사라지는 시대, 모든 전제를 원점으로 되돌려라\n','역대급 무더위가 대한민국을 강타한 2024년 여름, 지구는 역사상 가장 뜨거운 날의 기록을 연달아 경신했다. 지금 우리는 ‘역대급’이라는 말 자체가 역대급으로 많이 쓰이는 시대를 살고 있다. 그만큼 우리 사회의 역동성이 크다는 뜻이기도 하다. 근 20년 동안 우리 사회의 추이와 소비 활동의 여러 모습을 추적, 관찰해온 트렌드 코리아 팀은 대한민국이 그 어느 때보다도 더 특유의 역동성과 역량을 바탕으로 전에 없는 다양성을 표출하는 모습을 목격하고 이를 책에 담고자 했다. 대한민국은 열풍의 나라이기도 하다. 해외 토픽을 장식한 푸바오 열풍, 마라탕과 탕후루에 이은 두바이 초콜릿 열풍, AI 열풍, 의대 열풍, 스페셜티 커피 열풍, 레트로 열풍, 남녀노소를 가리지 않는 ‘먼작귀’ 열풍까지…. 이 모든 것이 시사하는 바는 무엇인가? 이런 열풍의 이면에 있는 우리 사회 구성원들의 욕망과 결핍은 무엇일까? 〈트렌드 코리아 2025〉에서 이에 대한 답을 찾아보도록 하자.','https://contents.kyobobook.co.kr/sih/fit-in/458x0/pdt/9788959897223.jpg',154,225,400,'ON_SALE',72,'2024-10-07 00:00:00'),('9788965960728',331,'좋은 기업을 넘어 위대한 기업으로','Jim Collins','김영사',20700,8.8,'짐 콜린스의 기업 경영 바이블','짐 콜린스가 5년간 1435개 기업을 분석해 발견한 위대한 기업의 조건들을 정리한 경영학 고전. 좋은 기업에서 위대한 기업으로 도약하는 7가지 핵심 원칙과 성공 기업들의 공통점을 과학적으로 분석한다. 리더십, 조직 문화, 전략 실행 등 지속가능한 성장을 위한 경영 철학을 제시한다.','https://contents.kyobobook.co.kr/sih/fit-in/458x0/pdt/9788934989790.jpg',150,220,485,'ON_SALE',10,'2024-04-18 13:25:00'),('9788965961375',194,'체화','김동규','김영사',16200,8.5,'몸으로 체득하는 앎의 힘','철학자 김동규가 몸과 마음의 통합적 학습에 대해 쓴 책. 단순한 지식 습득을 넘어 몸으로 체화된 지혜의 중요성을 강조하고, 실제 삶에서 적용할 수 있는 학습 방법을 제시한다. 동양적 수행법과 서양적 학습 이론을 결합한 통합적 자기계발 가이드.','https://contents.kyobobook.co.kr/sih/fit-in/458x0/pdt/9791169192699.jpg',140,210,315,'TEMPORARILY_OUT_OF_STOCK',10,'2024-02-18 11:15:00'),('9788965961439',331,'넥스트 소사이어티','Peter Drucker','김영사',18900,8.8,'피터 드러커가 예견한 미래 사회','경영학의 아버지 피터 드러커가 지식 사회의 도래와 그에 따른 사회적 변화를 예측한 책. 인구 구조의 변화, 지식 근로자의 등장, 비영리 조직의 중요성 증대 등 21세기 사회의 주요 트렌드를 분석한다. 개인과 조직이 변화하는 사회에서 성공하기 위해 준비해야 할 과제들을 제시하는 미래학적 통찰서.','https://contents.kyobobook.co.kr/sih/fit-in/458x0/pdt/9788947526241.jpg',150,220,356,'ON_SALE',10,'2024-04-22 14:45:00'),('9788965961526',472,'면역학 개론','Janis Kuby','김영사',36000,8.7,'쿠비 면역학 제7판','재니스 쿠비가 쓴 면역학의 대표적 교재. 선천면역과 적응면역의 원리, 항원-항체 반응, 면역질환 등을 체계적으로 설명한다. 최신 면역학 연구 성과를 반영하여 면역계의 복잡한 메커니즘을 이해하기 쉽게 설명한 의학 및 생명과학 교재.','https://contents.kyobobook.co.kr/sih/fit-in/458x0/pdt/9791188847990.jpg',165,245,856,'ON_SALE',10,'2024-02-22 13:50:00'),('9788965961527',641,'서예의 이해','김기승','김영사',19800,8.4,'한국 서예의 전통과 현대','서예가이자 이론가 김기승이 한국 서예의 이론과 실제를 체계적으로 정리한 서예학 개론서. 서체의 변천과 명품 감상, 필법과 운필의 기초를 상세히 설명한다. 전통 서예의 정신과 현대적 계승 방안을 균형있게 다룬 서예 교양 및 실기 지침서.','https://contents.kyobobook.co.kr/sih/fit-in/458x0/pdt/9788972709237.jpg',145,210,315,'TEMPORARILY_OUT_OF_STOCK',10,'2024-02-20 12:30:00'),('9788965961547',325,'혁신의 딜레마','Clayton Christensen','김영사',18900,8.7,'파괴적 혁신의 이론과 실제','하버드 비즈니스스쿨 클레이튼 크리스텐슨이 제시한 파괴적 혁신 이론의 원조. 기존 시장 리더들이 왜 신기술에 무너지는지를 분석하고, 지속적 혁신과 파괴적 혁신의 차이를 설명한다. 디지털 시대의 기업 생존 전략과 혁신 관리의 핵심 원리를 제시하는 경영 혁신서의 고전.','https://contents.kyobobook.co.kr/sih/fit-in/458x0/pdt/9788984077850.jpg',145,210,385,'ON_SALE',10,'2024-03-28 12:40:00'),('9788965961672',325,'몰입의 경영','Mihaly Csikszentmihalyi','김영사',18000,8.3,'칙센트미하이의 몰입 이론과 경영','몰입(Flow) 이론의 창시자 미하이 칙센트미하이가 개인과 조직의 성과 향상을 위한 몰입의 원리를 설명한 책. 최적의 경험 상태인 몰입을 통해 창의성과 생산성을 극대화하는 방법을 제시한다. 직원들의 내적 동기를 이끌어내고 조직 전체의 몰입도를 높이는 경영 전략과 실행 방안을 담고 있다.','https://contents.kyobobook.co.kr/sih/fit-in/458x0/pdt/9788982731839.jpg',145,210,325,'TEMPORARILY_OUT_OF_STOCK',10,'2024-02-12 16:40:00'),('9788965961829',331,'디자인씽킹','Tim Brown','김영사',17100,8.3,'IDEO CEO가 말하는 혁신적 사고법','IDEO의 CEO 팀 브라운이 제시하는 디자인씽킹의 원리와 적용 방법. 공감, 정의, 아이디어 도출, 프로토타입, 테스트의 5단계 프로세스를 통해 사용자 중심의 혁신을 실현하는 방법을 설명한다. 제품 개발뿐만 아니라 서비스, 비즈니스 모델, 조직 혁신 등 다양한 분야에서 활용할 수 있는 창조적 문제 해결 방법론.','https://contents.kyobobook.co.kr/sih/fit-in/458x0/pdt/9791188314935.jpg',140,205,315,'ON_SALE',10,'2024-02-22 16:25:00'),('9788965961847',409,'혼돈','James Gleick','동아시아',20700,8.5,'새로운 과학의 탄생','제임스 글릭이 카오스 이론의 발전 과정과 그 의미를 일반인을 위해 풀어낸 과학 교양서. 나비효과, 프랙탈, 복잡계 이론 등 비선형 과학의 핵심 개념들을 흥미진진하게 설명한다. 예측 불가능성과 무질서 속에서 발견되는 새로운 질서의 원리를 탐구한 현대 과학의 혁명.','https://contents.kyobobook.co.kr/sih/fit-in/458x0/pdt/9791155427651.jpg',148,215,468,'ON_SALE',10,'2024-03-22 12:15:00'),('9788965961848',651,'동양화론','조용진','미진사',23400,8.5,'동양화의 이론과 실제','화가이자 미술이론가 조용진이 동양화의 이론과 실제를 체계적으로 정리한 책. 동양화의 철학적 기초, 기법과 재료, 화론의 전통을 깊이 있게 다룬다. 서양화와 구별되는 동양화만의 독특한 미학과 정신세계를 이해하는 데 필수적인 이론서.','https://contents.kyobobook.co.kr/sih/fit-in/458x0/pdt/9791156334408.jpg',152,225,385,'ON_SALE',10,'2024-01-24 11:10:00'),('9788965961849',701,'번역학 개론','김성곤','김영사',20700,8.2,'번역의 이론과 실제','번역학자 김성곤이 번역의 이론과 실제를 체계적으로 정리한 번역학 교재. 번역의 과정과 방법, 번역 텍스트의 특성과 평가 기준을 다루며, 다양한 장르의 번역 기법을 구체적으로 설명한다. 번역가 양성과 번역학 연구의 기초가 되는 포괄적인 번역 이론서.','https://contents.kyobobook.co.kr/sih/fit-in/458x0/pdt/9788974189075.jpg',148,215,428,'ON_SALE',10,'2024-04-10 11:45:00'),('9788965961850',241,'도교의 이해','이자헌','김영사',19800,8.3,'무위자연의 철학','도교학자 이자헌이 도교의 사상과 수행을 체계적으로 소개한 도교 입문서. 노자와 장자의 철학부터 종교적 도교의 발전까지 도교 사상의 전개를 추적한다. 무위자연, 음양오행, 신선술 등 도교의 핵심 개념들을 현대적 관점에서 해석하여 동양 사상의 독창성을 보여준다.','https://contents.kyobobook.co.kr/sih/fit-in/458x0/pdt/9791127451615.jpg',145,210,356,'ON_SALE',10,'2024-04-10 15:55:00'),('9788965962156',331,'탤런트 코드','Daniel Coyle','웅진지식하우스',15300,8.4,'재능을 키우는 과학','뉴욕타임스 베스트셀러 작가 대니얼 코일이 전 세계 재능 육성 기관들을 취재해 발견한 재능 개발의 비밀. 깊은 연습, 점화, 마스터 코치의 3가지 요소를 통해 누구나 뛰어난 기술을 습득할 수 있는 방법을 과학적으로 설명한다. 개인의 능력 향상뿐만 아니라 조직의 인재 개발에도 적용할 수 있는 실용적 가이드.','https://contents.kyobobook.co.kr/sih/fit-in/458x0/pdt/9788901248974.jpg',140,205,285,'ON_SALE',10,'2024-02-18 15:20:00'),('9788965962195',194,'1만 시간의 재발견','Anders Ericsson','김영사',18000,8.4,'의도적 연습의 과학','플로리다주립대 앤더스 에릭슨이 전문가 수준의 실력을 기르는 진정한 방법을 과학적으로 분석한 책. 단순한 반복이 아닌 의도적 연습(Deliberate Practice)의 원리와 방법을 제시한다. 재능보다 올바른 연습 방법이 더 중요하다는 혁신적 관점을 제시하는 학습 과학서.','https://contents.kyobobook.co.kr/sih/fit-in/458x0/pdt/9791186805282.jpg',148,215,385,'ON_SALE',10,'2024-04-20 10:40:00'),('9788965962196',221,'대승불교','나가르주나','김영사',21600,8.4,'중관학의 이해','나가르주나의 중관학을 현대적으로 해석한 대승불교 교재. 공(空)의 철학과 중도(中道)의 사상, 연기(緣起)의 이론을 체계적으로 다룬다. 대승불교의 핵심 사상인 보살도와 자비, 지혜의 완성을 이해하는 데 필수적인 불교철학서.','https://contents.kyobobook.co.kr/sih/fit-in/458x0/pdt/9791155802021.jpg',148,215,428,'ON_SALE',10,'2024-04-16 12:35:00'),('9788965962197',472,'유전학 개론','William Klug','라이프사이언스',42300,8.8,'클러그 유전학 제11판','윌리엄 클러그 등이 집필한 유전학의 표준 교재. 멘델 유전학부터 분자유전학, 유전체학까지 유전학의 전 분야를 포괄적으로 다룬다. 최신 연구 성과와 기술을 반영하여 현대 유전학의 이론과 응용을 균형있게 설명한 대학 교재.','https://contents.kyobobook.co.kr/sih/fit-in/458x0/pdt/9791159430701.jpg',170,250,856,'ON_SALE',10,'2024-04-18 15:30:00'),('9788965962198',662,'사진의 역사','Beaumont Newhall','김영사',26100,8.4,'뉴홀의 사진사','보몽 뉴홀이 쓴 사진사의 고전적 명저. 사진술의 발명부터 현대 사진예술까지 사진의 기술적 발전과 예술적 성취를 균형있게 다룬다. 주요 사진가들의 작품과 사진 기법의 변천을 통해 사진 예술의 발전 과정을 체계적으로 정리한 사진학의 기본서.','https://contents.kyobobook.co.kr/sih/fit-in/458x0/pdt/480D241094030.jpg',175,255,358,'TEMPORARILY_OUT_OF_STOCK',10,'2024-01-16 11:45:00'),('9788965962199',701,'비교언어학','Lyle Campbell','김영사',26100,8.4,'언어의 계통과 변화','라일 캠벨이 언어의 역사적 관계와 변화를 비교언어학적 방법으로 연구한 전문서. 언어 계통 분류의 원리와 방법, 언어 변화의 법칙과 메커니즘을 상세히 설명한다. 인도유럽어족을 중심으로 하되 다양한 언어족의 사례를 통해 비교언어학의 성과와 한계를 균형있게 제시한다.','https://contents.kyobobook.co.kr/sih/fit-in/458x0/pdt/9788926805459.jpg',160,235,628,'ON_SALE',10,'2024-04-16 13:45:00'),('9788965962294',331,'오픈 이노베이션','Henry Chesbrough','김영사',19800,8.5,'열린 혁신으로 경쟁에서 승리하라','UC버클리의 헨리 체스브로우가 제시한 오픈 이노베이션 이론의 바이블. 기업 내부의 연구개발만으로는 급속한 기술 변화에 대응하기 어렵다는 인식 하에, 외부와의 협력을 통한 혁신 모델을 제시한다. 기술 사업화, 파트너십 전략, 혁신 생태계 구축 등 21세기 혁신 경영의 핵심 개념들을 다룬다.','https://contents.kyobobook.co.kr/sih/fit-in/458x0/pdt/9791196788827.jpg',148,215,385,'ON_SALE',10,'2024-04-08 13:45:00'),('9788965962394',414,'미분적분학','Michael Spivak','교우사',32400,8.8,'해석학적 접근','마이클 스피박이 쓴 엄밀한 미적분학 교재. 실해석학의 기초부터 고급 내용까지를 논리적으로 체계화하여 수학적 엄밀성을 추구한다. 정리의 증명과 수학적 사고 과정을 중시하여 수학의 아름다움과 논리적 구조를 보여주는 대학원 수준의 수학 교재.','https://contents.kyobobook.co.kr/sih/fit-in/458x0/pdt/9791160733853.jpg',165,245,658,'TEMPORARILY_OUT_OF_STOCK',10,'2024-01-28 11:20:00'),('9788965962395',671,'바흐','Christoph Wolff','김영사',22500,8.9,'음악의 아버지','크리스토프 볼프가 바흐의 생애와 음악을 학술적으로 연구한 전기. 바로크 음악의 완성자 바흐의 작곡 기법과 종교적 정신, 시대적 배경을 상세히 분석한다. 최신 연구 성과를 바탕으로 바흐 음악의 구조와 의미를 깊이 있게 탐구한 음악학 연구서.','https://contents.kyobobook.co.kr/sih/fit-in/458x0/pdt/9791189346416.jpg',150,220,485,'ON_SALE',10,'2024-04-22 16:15:00'),('9788965962396',701,'의미론','John Lyons','김영사',22500,8.7,'의미의 구조와 체계','존 라이온스가 언어의 의미 현상을 체계적으로 분석한 의미론 교재. 어휘 의미론과 문장 의미론의 기초 이론을 다루고, 의미 관계와 의미 변화의 원리를 설명한다. 언어학의 핵심 분야인 의미론의 이론과 방법론을 종합적으로 제시한 전문서.','https://contents.kyobobook.co.kr/sih/fit-in/458x0/pdt/9788968178023.jpg',150,220,456,'ON_SALE',10,'2024-03-16 15:40:00'),('9788965962397',209,'교회사','윌리스턴 워커','김영사',39600,8.9,'기독교 교회의 역사','윌리스턴 워커가 기독교 교회의 2000년 역사를 체계적으로 서술한 교회사 교재. 초대교회부터 현대까지 기독교 교회의 발전 과정과 주요 사건들을 시대순으로 정리한다. 교회의 신학적 발전과 사회적 영향, 교파의 형성과 분열 등을 균형있게 다루어 기독교 역사의 전체적 흐름을 보여주는 교회사 개론서.','https://contents.kyobobook.co.kr/sih/fit-in/458x0/pdt/9791170832638.jpg',175,255,1248,'ON_SALE',10,'2024-03-16 15:30:00'),('9788965962485',911,'한국사 인물열전','이이화','김영사',32400,8.9,'역사를 만든 인물들','한국사상 중요한 인물들의 생애와 업적을 시대순으로 정리한 인물사. 단군부터 현대의 주요 인물까지 정치, 사회, 문화 각 분야의 대표 인물들을 다룬다. 인물을 통해 한국사의 흐름을 이해할 수 있도록 구성한 흥미로운 역사 교양서.','https://contents.kyobobook.co.kr/sih/fit-in/458x0/pdt/9788963190952.jpg',155,230,948,'ON_SALE',10,'2024-02-22 14:25:00'),('9788965962574',409,'호킹의 우주','Stephen Hawking','김영사',19800,8.8,'시간의 역사 개정판','스티븐 호킹이 일반인들을 위해 현대 물리학과 우주론을 설명한 베스트셀러. 빅뱅, 블랙홀, 시간여행 등 현대 물리학의 핵심 개념들을 수식 없이 알기 쉽게 설명한다. 우주의 기원과 운명에 대한 과학적 탐구를 통해 인간 존재의 의미를 되묻는 철학적 과학서.','https://contents.kyobobook.co.kr/sih/fit-in/458x0/pdt/9788949129525.jpg',145,210,385,'ON_SALE',10,'2024-02-18 16:20:00'),('9788965962738',911,'고려 몽골 전쟁사','김당택','김영사',22500,8.5,'강화도 40년 항전의 기록','고려와 몽골 간 40년 전쟁의 전 과정을 군사사적 관점에서 분석한 연구서. 몽골군의 침입 과정과 고려군의 방어 전략, 강화도 천도의 의미와 효과를 상세히 다룬다. 동아시아 군사사상 중요한 의미를 갖는 고려의 항몽 투쟁을 체계적으로 정리한 전문서.','https://contents.kyobobook.co.kr/sih/fit-in/458x0/pdt/9788961877312.jpg',150,220,568,'TEMPORARILY_OUT_OF_STOCK',10,'2024-01-28 15:10:00'),('9788965962739',431,'물리화학','Peter Atkins','청문각',54000,9.0,'앳킨스 물리화학 제11판','피터 앳킨스가 쓴 물리화학의 세계적 표준 교재. 열역학, 양자역학, 분광학, 반응속도론 등 물리화학의 모든 분야를 엄밀하게 다룬다. 화학 현상을 물리학적 원리로 설명하는 현대 화학의 이론적 기초를 제공하는 대학원 수준의 전문서.','https://contents.kyobobook.co.kr/sih/fit-in/458x0/pdt/9791187486206.jpg',175,255,1248,'ON_SALE',10,'2024-04-12 11:25:00'),('9788965962740',631,'공예의 미학','최공호','김영사',21600,8.2,'전통공예의 현대적 해석','공예가이자 미학자 최공호가 전통공예의 미학적 가치와 현대적 의미를 탐구한 공예 이론서. 목공예, 금속공예, 섬유공예 등 다양한 공예 분야의 특성과 미적 원리를 분석한다. 전통과 현대를 잇는 공예 예술의 발전 방향을 제시한 공예학 연구서.','https://contents.kyobobook.co.kr/sih/fit-in/458x0/pdt/9791198564498.jpg',148,215,356,'ON_SALE',10,'2024-04-20 11:35:00'),('9788965962847',325,'ESG 경영 혁명','Rebecca Henderson','알키',19800,8.7,'하버드대 교수가 말하는 지속가능 경영','하버드 비즈니스스쿨의 레베카 헨더슨이 ESG(환경, 사회, 지배구조) 경영의 중요성과 실행 방법을 설명한 책. 기업의 사회적 책임을 넘어 장기적 가치 창출을 위한 지속가능 경영 전략을 제시한다. 환경 문제와 사회적 이슈를 비즈니스 기회로 전환하는 혁신적 경영 접근법을 다룬다.','https://contents.kyobobook.co.kr/sih/fit-in/458x0/pdt/9791160079302.jpg',148,215,385,'ON_SALE',10,'2024-02-26 12:30:00'),('9788965962848',609,'한국미술사','안휘준','시공사',27000,8.8,'한국미술의 5000년','미술사학자 안휘준이 한국미술의 전개 과정을 체계적으로 정리한 통사. 선사시대부터 현대까지 한국미술의 특징과 변천을 시대순으로 서술한다. 회화, 조각, 공예, 건축 등 모든 분야를 아우르며 한국미술의 독창성과 아름다움을 보여주는 권위있는 미술사서.','https://contents.kyobobook.co.kr/sih/fit-in/458x0/pdt/9788952756466.jpg',155,235,568,'ON_SALE',10,'2024-02-20 14:15:00'),('9788965962849',409,'분자생물학','Bruce Alberts','교보문고',45000,9.1,'세포의 분자생물학 제6판','브루스 앨버츠 등이 집필한 분자생물학의 바이블. DNA 복제, 전사, 번역 등 세포의 분자적 과정들을 상세히 설명하고, 최신 연구 성과를 반영했다. 생명과학을 전공하는 학생들과 연구자들을 위한 가장 권위있는 분자생물학 교재.','https://contents.kyobobook.co.kr/sih/fit-in/458x0/pdt/9788931558982.jpg',170,250,1248,'ON_SALE',10,'2024-02-20 10:40:00'),('9788965962850',221,'불교 사상사','평천운강','김영사',28800,8.7,'붓다에서 달라이 라마까지','일본의 불교학자 평천운강이 불교 사상의 발전 과정을 체계적으로 정리한 불교사상사. 초기 불교부터 대승불교, 밀교, 선불교까지 불교 사상의 전개를 시대순으로 추적한다. 인도, 중국, 일본, 한국 등 각 지역에서 전개된 불교 사상의 특징과 상호 영향을 균형있게 다룬 불교학 개론서.','https://contents.kyobobook.co.kr/sih/fit-in/458x0/pdt/9791155504604.jpg',160,240,728,'ON_SALE',10,'2024-02-14 15:20:00'),('9788965962851',433,'분석화학','Douglas Skoog','김영사',39600,8.5,'스쿠그 분석화학 제9판','더글라스 스쿠그가 쓴 분석화학의 표준 교재. 정량분석과 정성분석의 이론과 실제, 최신 분석 기법들을 체계적으로 다룬다. 화학 분석의 원리와 응용을 균형있게 설명하여 화학 및 관련 분야 전공자들을 위한 필수 교재 역할을 한다.','https://contents.kyobobook.co.kr/sih/fit-in/458x0/pdt/9791158082932.jpg',165,245,968,'ON_SALE',10,'2024-04-16 12:40:00'),('9788965962949',701,'영어학 개론','Victoria Fromkin','김영사',27000,8.5,'언어학 입문서','빅토리아 프롬킨이 쓴 언어학의 표준 교재. 음성학, 음운론, 형태론, 통사론, 의미론, 화용론 등 언어학의 모든 분야를 체계적으로 다룬다. 영어를 중심으로 하되 다양한 언어의 예를 통해 언어의 보편적 특성과 개별적 특징을 균형있게 설명한 언어학 입문서.','https://contents.kyobobook.co.kr/sih/fit-in/458x0/pdt/9788962183887.jpg',160,235,658,'ON_SALE',10,'2024-02-14 14:25:00'),('9788965962983',331,'4차 산업혁명','Klaus Schwab','새로운현재',16200,8.5,'세계경제포럼 회장이 말하는 미래','세계경제포럼(다보스포럼) 창립자 클라우스 슈밥이 제시하는 4차 산업혁명의 전망과 대응 전략. 인공지능, 로봇, 사물인터넷 등 신기술이 가져올 경제, 사회, 정치적 변화를 분석하고, 개인과 조직이 준비해야 할 과제들을 제시한다. 기술 혁신이 인류에게 미칠 영향과 새로운 기회를 포괄적으로 다룬다.','https://contents.kyobobook.co.kr/sih/fit-in/458x0/pdt/9791161692036.jpg',148,215,325,'ON_SALE',10,'2024-04-20 12:55:00'),('9788965963291',325,'퍼플 카우','Seth Godin','재인',14850,8.6,'세스 고딘의 마케팅 혁신론','마케팅 구루 세스 고딘이 제시하는 주목받는 마케팅의 원리. 평범한 제품으로는 더 이상 주목받을 수 없는 시대에, 놀라움과 차별화를 통해 고객의 관심을 끄는 방법을 설명한다. 바이럴 마케팅의 원조격인 아이디어들과 함께, 작지만 특별한 것을 추구하는 마케팅 철학을 제시한다.','https://contents.kyobobook.co.kr/sih/fit-in/458x0/pdt/9791165347680.jpg',135,200,185,'ON_SALE',10,'2024-04-14 14:15:00'),('9788965963294',409,'진화심리학','David Buss','김영사',24300,8.6,'인간 행동의 진화적 기원','데이비드 버스가 인간의 심리와 행동을 진화론적 관점에서 분석한 진화심리학 개론서. 짝짓기 전략, 부모 투자, 집단 행동 등 인간의 보편적 행동 패턴을 진화적 적응의 결과로 설명한다. 심리학과 진화생물학을 연결하는 학제간 연구의 성과를 종합한 현대 심리학의 새로운 패러다임.','https://contents.kyobobook.co.kr/sih/fit-in/458x0/pdt/9788901147093.jpg',150,220,568,'ON_SALE',10,'2024-01-16 11:30:00'),('9788965963295',201,'종교심리학','윌리엄 제임스','김영사',22500,8.6,'종교 경험의 다양성','윌리엄 제임스가 종교 경험의 심리학적 특성을 분석한 종교심리학의 고전. 종교적 경험의 유형과 특징, 종교와 정신건강의 관계, 종교적 전환의 심리 등을 다룬다. 종교 현상을 심리학적 관점에서 이해하는 데 필수적인 종교심리학 개론서.','https://contents.kyobobook.co.kr/sih/fit-in/458x0/pdt/9788999726958.jpg',150,220,456,'TEMPORARILY_OUT_OF_STOCK',10,'2024-02-26 15:25:00'),('9788965963296',685,'무용의 역사','Walter Sorell','김영사',23400,8.3,'소렐의 무용사','월터 소렐이 쓴 무용사의 권위있는 저작. 고대 제의무부터 현대 무용까지 무용의 발전 과정과 문화적 의미를 탐구한다. 동서양의 무용 전통을 비교하며 무용 예술의 표현 방법과 미학적 특징을 체계적으로 분석한 무용학의 기본서.','https://contents.kyobobook.co.kr/sih/fit-in/458x0/pdt/480D190219000.jpg',150,220,428,'ON_SALE',10,'2024-03-24 13:15:00'),('9788965963297',701,'계산언어학','Christopher Manning','김영사',28800,8.2,'자연언어처리의 기초','크리스토퍼 매닝이 계산언어학과 자연언어처리의 기초 이론을 정리한 교재. 언어의 수학적 모델링과 컴퓨터를 이용한 언어 분석 방법을 다룬다. 기계번역, 정보검색, 텍스트마이닝 등 자연언어처리의 응용 분야를 소개하며, 언어학과 컴퓨터과학을 연결하는 학제간 연구의 성과를 보여준다.','https://contents.kyobobook.co.kr/sih/fit-in/458x0/pdt/480D250441140.jpg',165,240,568,'ON_SALE',10,'2024-02-26 12:20:00'),('9788965963485',409,'파인만의 물리학 강의','Richard Feynman','승산',36000,9.1,'노벨물리학상 수상자의 명강의','노벨물리학상 수상자 리처드 파인만의 전설적인 물리학 강의를 정리한 책. 역학, 전자기학, 양자역학 등 물리학의 전 분야를 파인만 특유의 직관적이고 명쾌한 설명으로 풀어낸다. 물리학의 본질을 이해하고자 하는 모든 사람들을 위한 최고의 물리학 교과서.','https://contents.kyobobook.co.kr/sih/fit-in/458x0/pdt/9788956054865.jpg',160,240,856,'ON_SALE',10,'2024-04-15 13:45:00'),('9788965963486',609,'반 고흐','Steven Naifeh','김영사',28800,8.7,'고흐의 진실','스티븐 나이페와 그레고리 화이트 스미스가 10년간 연구한 반 고흐의 결정판 전기. 기존의 신화와 편견을 벗어나 고흐의 실제 삶과 예술을 객관적으로 재구성한다. 정신질환에 시달린 천재 화가가 아닌 진정한 예술가 고흐의 모습을 보여주는 혁신적 전기.','https://contents.kyobobook.co.kr/sih/fit-in/458x0/pdt/9791171713219.jpg',170,245,748,'ON_SALE',10,'2024-02-14 13:35:00'),('9788965963487',711,'음성학','배주채','김영사',21600,8.3,'말소리의 과학','음성학자 배주채가 한국어 음성학의 이론과 실제를 정리한 전문서. 조음음성학, 음향음성학, 청취음성학의 기초 원리와 한국어 음성의 특징을 체계적으로 설명한다. 언어 치료와 외국어 교육에도 응용할 수 있는 실용적인 음성학 지식을 제공한다.','https://contents.kyobobook.co.kr/sih/fit-in/458x0/pdt/480D230303130.jpg',150,220,385,'ON_SALE',10,'2024-01-16 13:20:00'),('9788965963488',233,'신약성서 개론','레이몬드 브라운','김영사',32400,8.8,'신약성서의 형성과 내용','레이몬드 브라운이 신약성서의 각 문서를 역사비판적 방법으로 분석한 신약학 교재. 복음서, 사도행전, 바울서신, 공동서신, 요한계시록의 저작 배경과 신학적 메시지를 상세히 다룬다. 신약성서 연구의 최신 성과를 반영하여 신약성서의 형성 과정과 종교사적 의의를 탐구한 성서학 전문서.','https://contents.kyobobook.co.kr/sih/fit-in/458x0/pdt/9788951104855.jpg',165,245,856,'ON_SALE',10,'2024-01-16 11:45:00'),('9788965963495',472,'약리학 개론','Bertram Katzung','김영사',45000,8.6,'카츠웅의 기초 임상약리학','버트람 카츠웅이 집필한 약리학의 대표적 교재. 약물의 작용 기전, 흡수, 분포, 대사, 배설 과정을 체계적으로 설명한다. 기초 약리학부터 임상 응용까지를 포괄하여 의학 및 약학 전공자들을 위한 필수 참고서 역할을 한다.','https://contents.kyobobook.co.kr/sih/fit-in/458x0/pdt/9788980598021.jpg',170,250,1058,'ON_SALE',10,'2024-01-26 14:25:00'),('9788965963574',324,'구글의 일하는 방식','Laszlo Bock','알키',20700,8.7,'구글 인사담당 부사장이 공개하는 인재 경영','구글의 인사담당 부사장을 지낸 라즐로 복이 공개하는 구글의 인재 채용, 육성, 관리 시스템. 데이터 기반의 인사 관리와 직원들의 창의성을 극대화하는 조직 문화를 상세히 소개한다. 21세기 지식 기업이 인재를 통해 경쟁 우위를 확보하는 방법을 구체적으로 제시하는 HR 혁신서.','https://contents.kyobobook.co.kr/sih/fit-in/458x0/pdt/9788934969006.jpg',152,225,468,'ON_SALE',10,'2024-04-12 13:15:00'),('9788965963728',451,'환경과학','G. Tyler Miller','김영사',36000,8.6,'밀러의 환경과학 제16판','G. 타일러 밀러가 집필한 환경과학의 표준 교재. 생태계, 자원 관리, 환경 오염, 지속가능한 발전 등을 종합적으로 다룬다. 환경 문제의 과학적 이해와 해결 방안을 균형있게 제시하여 환경과학 교육의 기초를 제공하는 교양 및 전공 교재.','https://contents.kyobobook.co.kr/sih/fit-in/458x0/pdt/9791185237596.jpg',165,245,856,'TEMPORARILY_OUT_OF_STOCK',10,'2024-03-28 14:45:00'),('9788965963741',911,'한국 근현대사','강만길','김영사',27000,9.0,'개항에서 현재까지','한국 근현대사 150년의 전개 과정을 종합적으로 서술한 통사. 개항부터 현재까지의 정치, 경제, 사회, 문화 변화를 균형있게 다룬다. 민족사적 관점과 사회사적 접근을 결합하여 한국 근현대사의 특징과 발전 과정을 체계적으로 이해할 수 있도록 구성했다.','https://contents.kyobobook.co.kr/sih/fit-in/458x0/pdt/9788949967738.jpg',160,235,856,'ON_SALE',10,'2024-04-16 13:30:00'),('9788965963742',409,'열역학','Enrico Fermi','청문각',21600,8.5,'페르미의 고전 물리학','노벨물리학상 수상자 엔리코 페르미가 쓴 열역학 교재의 고전. 열역학 법칙들과 통계역학의 기초를 명쾌하고 간결하게 설명한다. 페르미 특유의 물리적 직관과 수학적 엄밀성이 조화를 이룬 물리학 교육의 모범을 보여주는 명저.','https://contents.kyobobook.co.kr/sih/fit-in/458x0/pdt/9791160737967.jpg',148,215,428,'ON_SALE',10,'2024-04-22 13:20:00'),('9788965963743',671,'모차르트','Wolfgang Hildesheimer','김영사',21600,8.6,'천재 작곡가의 초상','볼프강 힐데스하이머가 모차르트의 삶과 음악을 문학적 감수성으로 그려낸 전기. 짧은 생애 동안 수많은 걸작을 남긴 모차르트의 천재성과 인간적 매력을 섬세하게 포착한다. 18세기 음악사의 맥락 속에서 모차르트 음악의 완벽성과 아름다움을 탐구한 감동적인 음악가 이야기.','https://contents.kyobobook.co.kr/sih/fit-in/458x0/pdt/9791157801244.jpg',148,215,456,'ON_SALE',10,'2024-02-26 15:40:00'),('9788965963744',701,'언어 습득론','Nina Hyams','김영사',23400,8.8,'아이들은 어떻게 언어를 배우는가','니나 하이암스가 아동의 언어 습득 과정을 인지과학적 관점에서 분석한 언어 습득론. 언어 습득의 단계와 메커니즘, 보편문법과 매개변수 이론을 다루며, 제1언어와 제2언어 습득의 차이점을 설명한다. 언어 교육과 언어 발달 연구의 이론적 기초를 제공하는 전문서.','https://contents.kyobobook.co.kr/sih/fit-in/458x0/pdt/480D230347130.jpg',152,225,485,'ON_SALE',10,'2024-01-24 14:50:00'),('9788965963745',201,'종교철학','존 힉','김영사',28800,8.7,'종교와 철학의 만남','존 힉이 종교와 철학의 관계를 탐구한 종교철학 교재. 종교 경험의 본질, 신의 존재 증명, 악의 문제, 종교와 윤리 등 종교철학의 핵심 주제들을 다룬다. 다양한 종교 전통을 비교하며 종교 현상의 철학적 의미를 분석하여 종교에 대한 새로운 이해를 제공한다.','https://contents.kyobobook.co.kr/sih/fit-in/458x0/pdt/480D250380770.jpg',160,235,628,'ON_SALE',10,'2024-01-24 16:45:00'),('9788965963847',325,'애자일 혁명','Jeff Sutherland','알키',18000,8.6,'스크럼 창시자가 말하는 일하는 방식의 혁신','스크럼 방법론의 창시자 제프 서덜랜드가 애자일 개발 방법론의 원리와 적용 방법을 설명한 책. 소프트웨어 개발을 넘어 모든 업무 영역에서 활용할 수 있는 애자일 사고와 실행 방법을 제시한다. 빠른 변화에 적응하고 지속적으로 개선하는 조직 문화를 만드는 구체적인 방법론을 담고 있다.','https://contents.kyobobook.co.kr/sih/fit-in/458x0/pdt/9791170221067.jpg',145,210,356,'ON_SALE',10,'2024-02-16 14:20:00'),('9788965963848',451,'지구과학 개론','Edward Tarbuck','시그마프레스',35100,8.5,'타르벅의 지구과학','에드워드 타르벅이 쓴 지구과학의 종합 교재. 지질학, 해양학, 기상학, 천문학의 핵심 내용을 통합적으로 다룬다. 지구 시스템의 상호작용과 지구 환경 변화를 이해하는 데 필요한 기초 지식을 체계적으로 제공하는 지구과학 교육의 표준서.','https://contents.kyobobook.co.kr/sih/fit-in/458x0/pdt/9791159715655.jpg',165,245,748,'ON_SALE',10,'2024-02-16 12:15:00'),('9788965963849',601,'미술 비평의 이론','로잘린드 크라우스','김영사',24300,8.6,'현대 미술 비평의 방법론','로잘린드 크라우스가 현대 미술 비평의 이론과 방법론을 정립한 미술 이론서. 모더니즘과 포스트모더니즘 미술의 특성을 분석하고, 미술 작품 해석의 다양한 접근법을 제시한다. 현대 미술을 이해하고 비평하는 데 필요한 이론적 틀을 제공하는 미술학 전문서.','https://contents.kyobobook.co.kr/sih/fit-in/458x0/pdt/9788972121756.jpg',152,225,385,'ON_SALE',10,'2024-02-16 13:50:00'),('9788998441012',813,'모순','양귀자','쓰다',11700,9.8,'인생은 살아가면서 탐구하는 것!','양귀자 소설의 힘을 보여준 베스트셀러 『모순』. 1998년에 초판이 출간된 이후 132쇄를 찍으며 여전히 많은 사랑을 받고 있는 작품을, 오래도록 소장할 수 있는 양장본으로 새롭게 선보인다. 스물다섯 살 미혼여성 안진진을 통해 모순으로 가득한 우리의 인생을 들여다본다. 작가 특유의 섬세한 문장들로 여러 인물들의 삶을 생생하게 그려내고 있다.\n\n시장에서 내복을 팔고 있는 억척스런 어머니와 행방불명 상태로 떠돌다 가끔씩 귀가하는 아버지, 조폭의 보스가 인생의 꿈인 남동생을 가족으로 둔 안진진. 어머니와 일란성 쌍둥이인 이모는 부유하지만 지루한 삶에 지쳐 있고, 가난한 어머니는 처리해야 할 불행들이 많아 지루할 틈이 없다. 안진진은 사뭇 다른 어머니와 이모의 삶을 바라보며 모순투성이인 삶을 어떻게 이해해야 하는지 고민하기 시작하는데….\n이 작품이 출간된 지 15년, 모순으로 얽힌 삶은 여전히 어렵기만 하지만 인생을 그냥 흘려보내고 있는 많은 사람들에게 새롭게 인생을 돌아보는 계기를 마련해준다. 일상의 지극히 사소한 에피소드들을 선별해 들려주며, 인생은 그냥 받아들이는 것이 아니라 탐구하면서 살아야 하는 것임을 이야기한다.','https://contents.kyobobook.co.kr/sih/fit-in/458x0/pdt/9788998441012.jpg',148,210,307,'TEMPORARILY_OUT_OF_STOCK',10,'2013-04-01 00:00:00'),('9791130649672',849,'흐르는 강물처럼','Shelley Read','다산책방',15300,9.9,'운명의 파도에 맞서는 인간의 회복력에 대한 경이로운 데뷔작\n『가재가 노래하는 곳』, 『스토너』를 잇는 차세대 모던 클래식','인간이 운명을 어떻게 바라보며 살아야 할지 그 대답을 내놓는 아름다운 소설, 『흐르는 강물처럼』이 다산책방에서 출간되었다. 이 소설은 일찍부터 미국 현지 출판사들이 『가재가 노래하는 곳』을 이을 명작이 되리라고 점찍은 데뷔작이었다. 출판사는 작가에게 보낸 편지에서 이렇게 말했다. “우리는 훌륭한 책들에 굶주려 있다. 『흐르는 강물처럼』은 틀림없이 명작이 될 것이고, 전 세계의 북클럽을 떠들썩하게 하며 독자들을 사로잡을 것이고, 라디오와 스크린에서 회자되며 사랑받을 것”이라며 기대감을 아낌없이 드러냈다. 그 말을 실현하듯 『흐르는 강물처럼』은 출간 전 원고만 공개했는데도 17개국에 판권이 선 판매되었고, 정식으로 출간한 뒤에는 총 34개국에 수출되었다. 선데이타임스 베스트셀러 1위, 2023년 아마존 올해의 데뷔작 자리를 차지했고, 타임스, 가디언, 커커스, 리얼 심플 등 유수의 매체에서 추천도서로 선정되기도 했다. 또한 CJ ENM 산하의 미국 현지 제작사 피프스 시즌에서 영화화를 앞두고 있다.\n이 소설은 자신이 아무것도 아닌 줄만 알았던 열일곱 살 소녀가 사랑의 환희와 상실의 고통을 온몸으로 감내하는 번데기 시절을 거쳐 비로소 나비가 되는 이야기다. 뒤돌아보지 않는 자연에서 배운, 거스를 수 없는 회복력으로 살아내는 주인공은 끝내 누구도 빼앗을 수 없는 결실을 거머쥔다. 시대가 흘러도, 사는 곳이 달라도 변치 않는 진실과 가치가 있다. 인간이 발 딛고 사는 곳이라면 어디나 ‘흐르는 강물처럼 살라’는 말이 무엇을 뜻하는지 공통의 함의에 도달할 수 있다. 이 소설은 1970년대에 실제로 수몰지구가 되어 물속으로 사라진 콜로라도의 역사적 사건을 담고 있지만, 장소와 시간을 언제 어디로 바꾸어 보더라도 독자는 거기서 자기 삶의 편린을 발견할 수 있을 것이다. 언어가 바뀌어도 뜻이 통하는 ‘흐르는 강물처럼(Go as a River)’이라는 관용구처럼.','https://contents.kyobobook.co.kr/sih/fit-in/458x0/pdt/9791130649672.jpg',142,210,448,'ON_SALE',10,'2024-01-08 00:00:00'),('9791140714575',607,'미술관에 간 할미','할미','더퀘스트',18900,9.9,'누적 조회수 5천만 회, 30만 구독자가 선택한\n화제의 유튜브 〈할미아트〉 드디어 책으로!\n\n예술이 좋지만, 여전히 어려운\n우리 모두를 위한\n그림사랑꾼 할머니의 명화 수업이 시작된다','“할미 왔다~” 예술이 어렵기만 했던 이들이 유튜브에서 ‘할미’를 만난 순간, 고개를 끄덕이고 웃음부터 터졌다고 말한다. 발랄하고 호탕한 첫인사로 시작되는 이 ‘수상한 할머니’의 명화 수업은 마치 가까운 이웃집 소식처럼 귀에 쏙 들어오는 미술사를 전하며 30만 구독자, 누적 5천만 조회수를 기록했다.\n《미술관에 간 할미》는 바로 그 유쾌한 수업을 책으로 옮긴 미술 교양서다. 르네상스부터 현대미술까지 시대를 넘나드는 미술사 지식을 그림사랑꾼 할머니의 따뜻하고 웅숭깊은 시선으로 풀어냈다.\n“명암이란 말이 당연한 지금, ‘그림자’를 처음으로 그림에 넣은 인류 최고의 천재는 누구였을까?”\n“고흐가 평생 빠져 지낸 ‘초록색’에는 어떤 비밀이 숨어 있었을까?”\n“색이 탁해질까 봐 1mm짜리 점들로만 그림을 그린 화가가 있다고?”\n“미술사에서 손꼽히는 마네가, 19세기 최대 미술대회에 보기 좋게 탈락했던 이유는?”\n마치 숨겨진 진실을 파헤치는 추리소설처럼 한 장 한 장 페이지를 넘기다 보면 복잡하던 미술사가 어느새 평생 기억될 지식으로 새겨진다.\n재밌게 웃다가도 문득 마음이 울리는 원고였다는 한 독자의 고백처럼, 이 책에서는 모네, 드가, 르누아르, 프리다 칼로 등 빛나기만 한 이름 뒤 감춰진 결코 순탄치 않았던 삶의 이야기를 들려준다. 그들의 그림은 오히려 그 삶을 견디게 해줬고, 그 힘으로 지금의 우리까지도 위로하고 있다. 할미는 이런 화가들에게 “고맙다”고 인사하고, 독자인 우리에게는 “괜찮다”고 다정히 말을 건다. 우리네 외할머니, 친할머니, 신데렐라의 요정대모, 해리포터의 맥고나걸 교수님처럼, 기억에 선한 할머니의 모습이 이 책 안에 살아 있다. 때로는 엄격하고, 때로는 포근하게. 무엇보다 정 많은 말투로 “우리 똥강아지들”을 부르며 웃음을 안긴다.\n작품이 저절로 이해되는 해설과 삶을 비추는 인상적인 이야기가 어우러진 《미술관에 간 할미》. 아름다운 그림들에 실어 건네는, 지금 이 순간 우리에게 꼭 필요한 속깊은 교양을 책으로 만나보자.','https://contents.kyobobook.co.kr/sih/fit-in/458x0/pdt/9791140714575.jpg',150,211,280,'TEMPORARILY_OUT_OF_STOCK',97,'2025-06-11 00:00:00'),('9791142316760',657,'원피스 111: 엘바프 모험','EIICHIRO ODA','대원씨아이',5400,9.8,'마침내 상륙한 엘바프, 규격 외의 대모험!!',NULL,'https://contents.kyobobook.co.kr/sih/fit-in/458x0/pdt/9791142316760.jpg',130,190,222,'ON_SALE',96,'2025-06-30 00:00:00'),('9791162203620',813,'파과','구병모','위즈덤하우스',14220,9.7,NULL,'한국 소설에 가장 강렬하게 새겨질 새로운 여성 서사를 탄생시킨 구병모 작가의 《파과》가 새 옷을 갈아입었다. 40여 년간 날카롭고 냉혹하게 청부 살인을 업으로 삼아온 60대 여성 킬러 ‘조각(爪角)’. 몸도 기억도 예전 같지 않게 삐걱거리기 시작하면서 이제는 퇴물 취급을 받는다. 노화와 쇠잔의 과정을 겪으며 조각은 새삼스레 ‘타인’의 눈 속에 둥지를 튼 공허를 발견하게 된다. 소멸의 한 지점을 향해 부지런히 허물어지고 있는 모든 것, 깨지고 상하고 뒤틀린 살아 있는 모든 것에 대해 연민을 느끼며, 조각의 마음속에 어느새 지키고 싶은 것들이 하나둘 생겨나기 시작한다. 《파과》는 짧은 시간 빛나다 사라질 살아 있는 모든 것들에 대한 뜨거운 찬사다.','https://contents.kyobobook.co.kr/sih/fit-in/458x0/pdt/9791162203620.jpg',128,188,344,'ON_SALE',10,'2018-04-16 00:00:00'),('9791167740984',331,'도둑맞은 집중력','Johann Hari','어크로스',16920,9.4,'★ 무더위와 집중력 도둑을 동시에 날려버릴 아이스 에디션 출간\n★ 30만 부 기념 특별 한정판','집중력 부족을 개인 탓, 도파민 탓이라고 생각했던 통념에서 깨어나 사회 시스템의 문제를 인식하자는 제안을 던진 책 《도둑맞은 집중력》이 30만 부 기념 특별 한정판 ‘아이스 에디션’으로 돌아왔다.\n2023년 독자, 서점, 언론이 뽑은 올해의 책 1위이자 30만 독자가 선택한 책 《도둑맞은 집중력》은 위트 있는 독서 후기로도 화제가 되었다. 책을 구입해 두고 “집중력 도둑맞아서 못 읽었다”는 트윗, “도둑맞은 집중력 읽고 트위터가 얼마나 해로운지 잘 아는 상태로 트위터 하는 사람 됐다”는 고백, “미국인 평균 스크린 타임은 3시간 15분”이라는 내용을 보고 책 읽기를 멈추고 확인했더니 7시간 30분이었다는 한탄까지... 독자들의 도둑맞은 집중력을 완전히 되찾아줄 수 없었던 출판사는 올여름을 맞이해 특단의 대책을 마련했다.\n그래서 탄생한 《도둑맞은 집중력》 아이스 에디션. 표지만 봐도 시원하고, 책을 넘길수록 더위가 가실 것 같고, 그래서 없던 집중력이 돌아오며 정신이 번쩍 들 것만 같다. 책에서 지목한 집중력을 망가뜨리는 13가지 원인, 즉 스크린 중독, 멀티태스킹, 수면 부족, 사라진 독서 시간, 과도한 노동 강도, 질 낮아진 식단, 학교 교육 방식과 더불어 여름 더위라는, 누구도 쉽게 피해 가지 못할 집중력 도둑에 맞설 가장 강력한 무기 《도둑맞은 집중력》 아이스 에디션을 만나보자.','https://contents.kyobobook.co.kr/sih/fit-in/458x0/pdt/9791167740984.jpg',136,214,464,'ON_SALE',10,'2023-04-28 00:00:00'),('9791192300818',165,'마흔에 읽는 쇼펜하우어','강용수','유노북스',15300,9.4,'하고 싶고 할 수 있는 것에 집중하라!\n마흔의 삶에 지혜를 주는 쇼펜하우어의 30가지 조언','마흔의 마음은 복잡하다. 그동안 수많은 시험을 치르고 자리 잡기 시작했지만, 한참 남은 인생이 기대되기보다 늘 그렇듯 같은 일상이 반복될 것이라는 생각을 하게 된다. 벌써부터 웬만한 일은 재미가 없고 뻔하게 느껴진다. 언제부터인가 “산다는 것은 괴로운 것이다”라는 말에 고개를 끄덕이게 됐다. 행복, 고통, 인생에 대해 고민하기 시작한 당신에게 쇼펜하우어의 조언이 필요할 때다.\n\n“즐겁고 행복하게 사는 기술이 삶의 지혜다.”\n\n행복과 고통에 대해 알기 시작할 때, 삶을 현실적으로 보고 싶을 때, 인생의 무게 중심을 옮겨야 할 때, 마음의 위기를 겪을 때, 쇼펜하우어를 빼놓고 인생을 논하지 마라. 쇼펜하우어는 인생에 고난과 고통이 어느 정도 필요하다며, 인생이 고통이라면 ‘진짜 행복’을 위한 고통을 겪으라고 말했다. 삶의 기준을 타인에게서 자신으로 옮기며 스스로 무너지고 깨지고 부서져 보면 새로운 것을 발견할 수 있다. 바로 자기 자신을 긍정하는 마음, 타인에게 비굴하지 않는 당당함, 스스로의 힘으로 살 수 있는 품격이다. 쇼펜하우어는 마음을 다스릴 수 있는 지혜들을 책으로 남겼다.\n\n쇼펜하우어 철학은 프리드리히 니체, 아인슈타인, 카를 융, 바그너, 헤르만 헤세, 프란츠 카프카, 톨스토이 등 각계 명사들에게 영향과 영감을 주었다. 그런 그도 40대까지는 학계를 떠나 은둔 생활을 했다. 하지만 쇼펜하우어는 언제든 자신이 인정받을 것이라는 자부심을 갖고 흔들리지 않았다. 쇼펜하우어는 40대 중반부터 서서히 실력이 알려지며 세계적인 명성을 떨쳤다. 그에게 40대는 위기를 넘은 때이자 인생이 바뀐 분기점이다.\n\n《마흔에 읽는 쇼펜하우어》는 인생의 의미를 끊임없이 고민한 철학자, 아르투어 쇼펜하우어가 남긴 철학적 사유 중에서 현시대 40대가 회의감과 상실감 등 마음의 위기를 다스리는 데 도움이 되는 내용 30가지를 담았다. 세계 거장들의 철학자이자 ‘생활 철학자’인 쇼펜하우어로부터 괴로움을 해소하는 법, 자기 인생에 집중하는 법, 자긍심을 갖는 법, 시간의 의미를 깨닫고 현명하게 사는 법, 그리하여 행복하게 사는 법을 배울 수 있다. 인생의 분기점에 서 있는 마흔에게 삶의 지혜를 줄 것이다.\n\n가장 열정적으로 살아가는 인생의 황금기이자 ‘인생은 고통’이라는 인식에 다다르는 마흔, 또는 마흔을 앞두었거나 되돌아보는 나이라면 삶의 한계를 인정하면서도 주도적으로 살았던 쇼펜하우어를 만나 보라. 애써 위로하지 않아서 더 위로가 되는 쇼펜하우어의 냉철한 조언을 통해 인생의 고민들을 떨치고 마음을 다스리는 통찰력과 행복의 열쇠를 손에 쥘 수 있을 것이다.','https://contents.kyobobook.co.kr/sih/fit-in/458x0/pdt/9791192300818.jpg',142,210,248,'ON_SALE',16,'2023-09-07 00:00:00'),('9791193904152',189,'행동은 불안을 이긴다','Rob Dial','서삼독',18000,9.8,'★ 아마존 4개 분야 베스트셀러 1위\n★ 토니 로빈스, 주언규PD, 드로우앤드류, 리니 등 국내외 전문가들의 추천!\n\n무일푼 최저 임금 노동자에서 전 세계 2억 5천만 명이 찾는 1000억 부자가 되기까지\n세계적 자기계발 리더들이 극찬한 ‘행동 메커니즘’의 모든 것','사람들은 모두 더 나은 삶을 살길 바란다. 더 좋은 직장으로 이직하길 원하고, 사업에 도전해 큰 성공을 거두는 부푼 꿈을 꾸기도 한다. 다이어트도 성공했으면 좋겠고, 인간관계의 복잡한 고민도 해결되길 바란다. 그런데 왜 여전히 어제와 같은 삶을 반복하고 있을까? 왜 더 나은 삶을 위해 행동하지 않을까? 이 책은 그 오랜 의문에 대한 가장 명확한 해답을 가지고 제시한다. 존재하지 않는 공포와 불안에 속아 현실에 안주하는 마음가짐을 버릴 것. 그리고 몸이 먼저 움직이는 행동 자동화 패턴을 익힐 것. 이 두 가지의 실천법이 만성적 불안과 습관적 미루기에서 벗어나는 지름길로 당신을 안내한다.\n롭 다이얼은 현재 전 세계에서 찾아오는 미국의 가장 떠오르는 컨설팅 전문가다. 그러나 그의 삶이 처음부터 탄탄대로였던 것은 아니다. 알코올중독 아버지에 의해 19살의 나이에 피자 배달 일을 시작했으며, 일주일에 110시간을 일에 쏟아부으며 2,000명의 영업사원을 키워내는 등 자신의 모든 것을 바쳐 일했다. 하지만 몇 년 후, 그가 마주한 건 피폐해진 몸과 망한 회사, 그리고 투자금마저 모두 날려 먹은 냉혹한 현실이었다. 한순간에 인생이 무너져 내리는 걸 보며 불안함에 잠 못 이루는 날들이 이어졌지만, 그 순간에도 그는 행동에 나서지 못했다. 그는 과거를 돌이켜 보며 이렇게 말한다. “‘나는 어딘가 부족한 사람이다’라는 내면의 불안이 저절로 망한 인생의 시나리오를 써 내려가고 있었다.” 그는 이 깨달음을 얻은 이후 거침없이 행동에 나서는 것만이 불안을 이겨낼 수 있다고 확신했다. 그렇게 매일 아침에 알람이 울리면 스누즈 버튼을 누르지 않고 바로 일어나기, 기상 후 곧바로 침대 정리하기, 매일 아침 1시간 아내와 커피 마시기 등 아주 작은 행동을 반복하기 시작했고, 그 모든 시행착오의 끝에 몸이 먼저 움직이는 행동 메커니즘을 몸소 터득해냈다.\n이렇듯 인생은 큰 사건에 의해 달라지지 않는다. 오히려 당신이 매일 반복하는 수많은 사소한 행동, 즉 ‘마이크로 액션’에 의해서 바뀐다. 그러니 딱 1%만 바꿔보라. 귀찮음을 이기고 침대 밖으로 한 발을 내딛는 순간 하루가 저절로 시작되듯, 노트북의 전원 버튼을 켜는 순간 오늘 할 일을 시작하듯, 책의 첫 번째 페이지를 넘기면 저절로 독서가 시작되듯, 몸이 먼저 반응하는 1%의 행동 변화가 인생을 바꾼다. 토니 로빈스, 앤드류 후버만 등 세계적인 자기계발의 거장들이 극찬한 ‘행동 자동화 패턴’을 통해 당신의 숨은 잠재력을 폭발시키고, 원하는 목표를 이루는 순간을 맞이하길 바란다.','https://contents.kyobobook.co.kr/sih/fit-in/458x0/pdt/9791193904152.jpg',145,210,344,'ON_SALE',31,'2025-04-16 00:00:00'),('9791194087700',594,'류수영의 평생 레시피','류수영','세미콜론',22500,10.0,'“된장찌개에 식초를 넣었더니, 감칠맛은 더하고 잡내가 날아갔어요.”\n“당근 기름 하나로 모든 재료를 볶아 만든 김밥은, 향과 풍미가 최고예요.”\n“설거지 걱정 없이 간단한데 맛은 레스토랑, 원 팬 파스타 이건 혁명이에요!”\n“미역국에 사과를 넣어 끓인다고요? 오, 이거 대박이에요. 꼭 한번 해보세요.”\n\n매일 쏟아지는 후기가 증명하는\n대한민국 대표 집밥 마스터, 류수영의 첫 요리책!','너무 쉬워서 너무 맛있어서 대한민국 밥상을 발칵 뒤집어놓은, 자타공인 집밥 마스터 ‘어남선생’ 류수영. 수년간 자체 개발한 300여 개의 레시피를 추리고 추리고 추려서 한 권의 책으로 펴낸다. 남녀노소 모두의 입맛을 사로잡을 메뉴부터 한껏 분위기를 낼 수 있는 특식까지, 〈편스토랑〉을 비롯해 그동안 방송에서 소개했던 레시피 중에서 가장 사랑받은 79가지 메뉴를 엄선한 것이다. 책으로 만드는 과정에서 다시 한번 재료와 계량 및 소요 시간에 대한 꼼꼼한 점검이 이루어졌으며, 그 결과 좀 더 정교하고 완벽한 레시피로 재탄생했다.\n부엌이 좁은 자취생, 끼니 챙기기가 막막한 사회 초년생, 이제 막 결혼한 신혼부부, 아이를 키우는 양육자, 은퇴하신 아버지까지, 남녀노소 불문하고 대한민국 국민이라면 모두의 필독서이다. 류수영이 만드는 음식은 조리법이 복잡하고 어려운 요리가 아니라, 저렴하고 일상적인 재료로 쉽고 간단하지만 깊은 맛을 내는 것이 특징이다. 또한 계량스푼이나 계량컵이 아닌 밥숟가락과 티스푼, 물컵과 소주잔을 이용하고, 후추나 식용유 역시 따로 덜지 않고 용기에서 바로 계량할 수 있도록 하는 등 극강의 간편함을 추구한다. 특히 이번 책에서는 조리도구도 프라이팬, 냄비, 칼 등만 있으면 모든 요리가 가능하며, 그 흔한 오븐이나 에어프라이어 없이 완성할 수 있도록 구성했다.\n사소한 부분까지 상세하게 설명하고 있어 요리 초보자들도 쉽게 따라 할 수 있다는 점은 이 책의 가장 큰 매력 중 하나일 것이다. 제육볶음의 양념은 밀폐용기 뚜껑을 닫고 흔들면 잘 버무려진다거나, 닭볶음탕의 감자는 웍 가장자리 쪽에 빙 둘러 넣으면 부서지지 않는다거나, 냄비에 식용유를 넣고 바닥에 물결이 생기면 충분히 예열된 것이라거나, 닭백숙을 끓일 때 닭의 다리 힘줄 옆에 칼집을 내고 반대쪽 다리를 넣어 꼬아준다거나, 다진 마늘은 마지막에 넣어야 향이 훨씬 좋다거나, 카레나 반죽물을 갤 때 포크를 이용하면 잘 섞인다거나 하는 것들이 그것이다. 거의 모든 단계마다 적혀 있는 생생한 팁들은 마치 바로 옆에서 나만을 위해 안내하듯 친절하다. 수년에 걸쳐 거듭한 실패와 성공을 바탕으로 다듬어진 정교한 레시피인 만큼 독자들은 그런 시행착오를 조금이라도 덜 경험하기를 바라는 류수영의 마음이다.\n유튜브에서 ‘류수영 레시피’ ‘어남선생 레시피’ 검색어를 입력하면 뜨는 영상의 누적 합산은 무려 3억 뷰가 넘는다. (2025년 5월 기준) 여기에 쇼츠, 그리고 인스타그램 등의 SNS 채널까지 더하면 더 이상 집계가 어려워질 정도인데, 저렴한 비용으로 차리는 푸짐하고 근사한 집밥, 매일 쏟아지는 후기가 보증한다. “요리 왕초보입니다. 덕분에 우리 집 식탁이 풍부해져요.” “어남선생은 그냥 요리 천재다.” “많은 레시피를 따라해봤지만 류수영 레시피만큼 쉽고 맛있는 건 없었어요.” “너무 맛있어서 내가 한 거 맞나 싶었어요.” 실제로 SNS에는 많은 시청자들이 류수영의 레시피를 따라 요리한 후기와 인증샷 혹은 영상이 올라오고, 관련 유튜브 동영상마다 수백 개의 댓글이 달릴 정도로 높은 참여와 호응을 얻고 있다.','https://contents.kyobobook.co.kr/sih/fit-in/458x0/pdt/9791194087700.jpg',190,240,272,'EXPECTED_IN_STOCK',47,'2025-06-25 00:00:00'),('9791194368137',325,'워런 버핏 웨이','Robert Hagstrom','상상스퀘어',29700,10.0,'전 세계 200만 독자가 선택한 최고의 버핏 연구서','⟪워런 버핏 웨이⟫ 30주년 기념판에서, 저명한 작가이자 투자자인 로버트 해그스트롬은 오늘날 가장 뛰어난 투자자인 워런 버핏의 투자 전략을 집대성한 베스트셀러의 결정판을 선보인다. 이 책은 워런 버핏의 투자 전략인 ‘비즈니스 중심 투자(Business-Driven Investing)’의 열두 가지 원칙과, 그가 포트폴리오를 운영하는 독창적인 접근 방식을 설명한다. 독자들은 이러한 원칙을 자신의 포트폴리오에 적용하는 방법, 장기 투자에 필요한 심리적 자세, 그리고 흔히 저지르는 실수와 이를 피하는 방법에 관한 통찰을 얻을 수 있다.\n\n피터 린치, 하워드 막스, 필립 피셔 등 전설로 남은 투자자들이 이 책에 찬사를 보냈다. 그들이 칭송하는 워런 버핏의 지혜는 물론, 버핏의 오랜 파트너였던 찰리 멍거가 강조한 ‘세상의 지혜(Worldly Wisdom)’에 관한 통찰도 이 책을 통해 배울 수 있을 것이다. 게다가 부록으로는 버크셔 해서웨이의 포트폴리오 연감을 모두 수록해 놓았다. 워런 버핏의 탁월한 업적과 투자 철학을 깊이 탐구하고 싶은 투자자에게 ⟪워런 버핏 웨이⟫는 단연코 인생 최고의 책이 되어줄 것이다.','https://contents.kyobobook.co.kr/sih/fit-in/458x0/pdt/9791194368137.jpg',160,235,500,'ON_SALE',68,'2025-05-21 00:00:00'),('9791194368311',909,'쓰는 인간: 종이에 기록한 사유와 창조의 역사','Roland Allen','상상스퀘어',21600,10.0,'가장 단순한 도구에 쓴 가장 위대한 생각들\n세상을 바꾼 노트에 대한 최초의 역사서','노트와 펜은 어디에나 있다. 그런데 이 필수적인 도구는 어디서 시작되었을까? 어떻게 우리의 삶을 혁신했을까? 그리고 쓰는 행위는 우리를 어떻게 변화시킬 수 있을까?\n⟪쓰는 인간⟫은 노트가 단순한 기록 도구가 아니라 인간의 생각을 정리하고 확장하는 창의적 공간이자 사유의 동반자임을 증명하는 책이다. 이 방대한 역사서에서 롤런드 앨런은 노트가 어떻게 인간의 창의적 사고를 이끄는 가장 다재다능한 도구가 되었는지를 밝힌다. 그는 레오나르도 다빈치, 아이작 뉴턴과 마리 퀴리, 제프리 초서에서 헨리 제임스에 이르기까지 수많은 인물의 노트 이야기를 들려준다. 또한 찰스 다윈이 작은 포켓 노트에 진화론을 정리하고, 애거사 크리스티가 낡은 연습장에 수많은 살인사건을 구상하고 기록했던 과정을 소개하며, 요리사, 왕, 선원, 어부, 음악가, 엔지니어, 정치인, 탐험가, 수학자 등 다양한 이들이 노트를 활용해 어떻게 현대 세계를 만들어왔는지를 보여준다. 중세의 왁스판과 장부, 르네상스 시기의 메모장, 예술가들의 스케치북, 과학자의 실험 노트, 현대의 불릿저널 그리고 전자 스프레드시트에 이르기까지 노트북의 다양한 형태와 기능을 생생한 사례와 이야기로 풀어내며 기록의 의미와 가치를 새롭게 조명한다.\nAI와 디지털 과부하의 시대에 이 겸손한 도구는 오히려 그 어느 때보다도 중요한 존재다. 저자는 불렛포인트가 ADHD를 완화하고 일기 쓰기가 PTSD 증상을 완화하며, 환자 일지가 혼수 상태에서 깨어난 이들의 트라우마를 덜어주는 방식 등을 제시한다. 디지털 기술이 일상화된 오늘날에도 손으로 글을 쓰는 행위는 집중력, 자기성찰, 정신 건강에 긍정적인 영향을 주며 삶을 더 풍요롭고 의미 있게 만든다. 종이 위에 펜을 움직이는 일상적 행위가 때때로 깊은 영향을 미친다.\n롤런드 앨런은 역사와 문화를 통해 노트의 가치를 새롭게 조명하며, 창의적으로 생각하고자 하는 사람들, 글을 쓰는 사람들, 삶을 성찰하고 기록하려는 이들에게 ‘쓴다’라는 행위의 가치를 생생한 역사적 사실을 통해 확인시킨다. 쓴다는 행위는 세상과의 소통이자 삶의 역사를 스스로 남기는 것이다. 종이에 쓰는 행위는 우리의 사고방식과 감정을 바꾸고, 우리를 더 창의적이고, 생산적이며, 어쩌면 더 행복하게 만들어줄 것이다.','https://contents.kyobobook.co.kr/sih/fit-in/458x0/pdt/9791194368311.jpg',152,225,544,'ON_SALE',50,'2025-06-25 00:00:00'),('9791198517425',321,'불변의 법칙 - 절대 변하지 않는 것들에 대한 23가지 이야기','Morgan Housel','서삼독',22500,9.6,'\"세상에 변하지 않는 것은 있다\"','세계적인 베스트셀러 《돈의 심리학》의 저자 모건 하우절이 3년 만에 세상에 내놓은 신작.‘절대 변하지 않는 것들에 대한 23가지 이야기’를 전한다. 출간하자마자 아마존과 뉴욕타임스 베스트셀러 자리에 오르며 아마존 독자들과 오피니언 리더들의 극찬을 받았다.\n이번 책은 돈과 투자 영역은 물론이고, 인간의 본성과 세상의 이치에 관한 이야기를 두루 다루어 한층 더 다층적이고 복합적인 메시지를 담아냈다는 평가를 받는다. 모건 하우절은 사람들은 무엇이 변할 것인지에 대해 늘 관심을 갖지만, 미래에 대비하기 위해서는 오히려 과거에도 지금도 미래에도 변함이 없는‘불변의 법칙’에 대해 알아야 한다고 강조한다. 이에 1000년 후에도 유효할 인간의 행동양식과 반복패턴에 대한 흥미로운 역사 스토리와 일화들을 들려준다. 워런 버핏의 스니커즈, 빌 게이츠의 숨겨진 불안, 유발 하라리가 받은 뜻밖의 비난, 게임스탑 사태의 보이지 않는 변수, 벌지 전투의 최후, 마술사 후디니의 죽음 등, 한 편 한 편의 이야기가 마치 다큐소설처럼 펼쳐진다. 흥미로운 일화 속에 인간사를 꿰뚫는 통찰과 삶의 교훈을 구슬처럼 꿰어내어 “역시 모건 하우절이다”라는 찬사를 받았다. 스콧 갤러웨이, 라이온 홀리데이는 물론, 국내 유수의 리더들 또한 먼저 읽고 “대단한 책이다”라는 평가를 내놓았다.','https://contents.kyobobook.co.kr/sih/fit-in/458x0/pdt/9791198517425.jpg',145,217,420,'ON_SALE',10,'2024-02-28 00:00:00'),('9791198987631',321,'세계 경제 지각 변동','박종훈','글로퍼스',19800,9.8,NULL,'제47대 미국 대통령으로 당선되면서 ‘트럼프 정부 2기’의 서막을 연 도널드 트럼프 대통령은 2025년 4월, 전 세계를 향한 관세 정책을 발표하며 다시 한번 화제의 중심에 올랐다. 그동안 자유 무역이라는 이름 아래 세계는 하나의 시장으로 연결되어 왔으나 트럼프 대통령이 쏘아 올린 관세 폭탄으로 국경은 다시 장벽이 되었고, 보호 구역은 정당화되었다. 이제 세계는 함께 성장하는 공동체가 아니라 누가 더 오래 버티는지를 두고 각축을 벌이는 생존의 장으로 탈바꿈했다. 그 과정에서 누군가는 막대한 경제적 이익을 챙겼고, 누군가는 고통을 떠안아야 했다. 미국의 무분별한 관세 정책과 이스라엘 이란 전쟁 등을 통해 세계 각국은 탈세계화를 꿈꾸며 자국 우선주의 정책으로 일관하고 있다.\n〈세계 경제 지각 변동〉은 지금까지 경험해 온 기존의 세계 질서가 무너지고 새롭게 재편되는 과정에서 우리가 나아갈 길을 탐색하고자 한다. 세계 경제의 구조적 변화와 앞으로 다가올 금융 시장을 전망하고, 지속 가능한 성장을 위한 대안을 심도 있게 다룬다. 누구보다 빠르고 정확하게 국제 정세를 예측하며 대한민국 부활의 길을 모색해 온 저자는 글로벌 경제의 흐름을 정밀하게 분석하여 전달할 뿐만 아니라, 개인과 기업 그리고 국가가 세계 경제의 지각 변동 속에서도 위기를 기회로 바꿀 수 있도록 통찰력 있는 방안을 제시한다.','https://contents.kyobobook.co.kr/sih/fit-in/458x0/pdt/9791198987631.jpg',145,210,280,'ON_SALE',94,'2025-06-27 00:00:00');
/*!40000 ALTER TABLE `product` ENABLE KEYS */;
UNLOCK TABLES;

--
-- Table structure for table `product_history`
--

DROP TABLE IF EXISTS `product_history`;
/*!40101 SET @saved_cs_client     = @@character_set_client */;
/*!50503 SET character_set_client = utf8mb4 */;
CREATE TABLE `product_history` (
  `product_history_id` int NOT NULL AUTO_INCREMENT,
  `isbn` varchar(255) DEFAULT NULL,
  `status_modified_history` enum('ON_SALE','OUT_OF_PRINT','TEMPORARILY_OUT_OF_STOCK','EXPECTED_IN_STOCK') DEFAULT NULL COMMENT '판매상태 변경이력: 판매중/절판/일시품절/입고예정',
  `price_modified_history` int DEFAULT NULL,
  `update_date` datetime DEFAULT NULL,
  PRIMARY KEY (`product_history_id`),
  KEY `isbn` (`isbn`),
  CONSTRAINT `product_history_ibfk_1` FOREIGN KEY (`isbn`) REFERENCES `product` (`isbn`)
) ENGINE=InnoDB AUTO_INCREMENT=203 DEFAULT CHARSET=utf8mb3;
/*!40101 SET character_set_client = @saved_cs_client */;

--
-- Dumping data for table `product_history`
--

LOCK TABLES `product_history` WRITE;
/*!40000 ALTER TABLE `product_history` DISABLE KEYS */;
INSERT INTO `product_history` VALUES (1,'9788965962195','ON_SALE',18000,'2025-03-24 00:19:57'),(2,'9788965962983','ON_SALE',16200,'2025-03-24 00:19:57'),(3,'9780300283259','ON_SALE',15450,'2025-03-24 00:19:57'),(4,'9788965962847','ON_SALE',19800,'2025-03-24 00:19:57'),(5,'9780440414803','ON_SALE',5800,'2025-03-24 00:19:57'),(6,'9780857197689','EXPECTED_IN_STOCK',17500,'2025-03-24 00:19:57'),(7,'9788932917486','ON_SALE',54000,'2025-03-24 00:19:57'),(8,'9788950962478','ON_SALE',27000,'2025-03-24 00:19:57'),(9,'9788965963297','ON_SALE',28800,'2025-03-24 00:19:57'),(10,'9788936472481','ON_SALE',13500,'2025-03-24 00:19:57'),(11,'9788965962738','TEMPORARILY_OUT_OF_STOCK',22500,'2025-03-24 00:19:57'),(12,'9788965962740','ON_SALE',21600,'2025-03-24 00:19:57'),(13,'9788932018743','ON_SALE',22000,'2025-03-24 00:19:57'),(14,'9788950963193','ON_SALE',28800,'2025-03-24 00:19:57'),(15,'9788965962397','ON_SALE',39600,'2025-03-24 00:19:57'),(16,'9788965963574','ON_SALE',20700,'2025-03-24 00:19:57'),(17,'9788950962577','ON_SALE',35100,'2025-03-24 00:19:57'),(18,'9788932917487','ON_SALE',27000,'2025-03-24 00:19:57'),(19,'9788947548829','ON_SALE',23400,'2025-03-24 00:19:57'),(20,'9788932917387','ON_SALE',36000,'2025-03-24 00:19:57'),(21,'9788936472198','ON_SALE',16200,'2025-03-24 00:19:57'),(22,'9788950963192','ON_SALE',15300,'2025-03-24 00:19:57'),(23,'9788965961439','ON_SALE',18900,'2025-03-24 00:19:57'),(24,'9788947548596','ON_SALE',22500,'2025-03-24 00:19:57'),(25,'9788932917485','TEMPORARILY_OUT_OF_STOCK',18000,'2025-03-24 00:19:57'),(26,'9788947549829','TEMPORARILY_OUT_OF_STOCK',20700,'2025-03-24 00:19:57'),(27,'9788954642753','ON_SALE',17100,'2025-03-24 00:19:57'),(28,'9788965962196','ON_SALE',21600,'2025-03-24 00:19:57'),(29,'9788965961850','ON_SALE',19800,'2025-03-24 00:19:57'),(30,'9791167740984','ON_SALE',16920,'2025-03-24 00:19:57'),(31,'9788950961283','ON_SALE',24300,'2025-03-24 00:19:57'),(32,'9788932473929','ON_SALE',32400,'2025-03-24 00:19:57'),(33,'9788936472290','ON_SALE',23400,'2025-03-24 00:19:57'),(34,'9788954655890','ON_SALE',11700,'2025-03-24 00:19:57'),(35,'9788947549642','ON_SALE',32400,'2025-03-24 00:19:57'),(36,'9788965961848','ON_SALE',23400,'2025-03-24 00:19:57'),(37,'9788965961829','ON_SALE',17100,'2025-03-24 00:19:57'),(38,'9788947548740','ON_SALE',22500,'2025-03-24 00:19:57'),(39,'9788934987928','ON_SALE',20700,'2025-03-24 00:19:57'),(40,'9788936471982','TEMPORARILY_OUT_OF_STOCK',25200,'2025-03-24 00:19:57'),(41,'9788947549169','ON_SALE',26100,'2025-03-24 00:19:57'),(42,'9788936471760','ON_SALE',10800,'2025-03-24 00:19:57'),(43,'9791194087700','EXPECTED_IN_STOCK',22500,'2025-03-24 00:19:57'),(44,'9788954642159','TEMPORARILY_OUT_OF_STOCK',12600,'2025-03-24 00:19:57'),(45,'9788950963752','ON_SALE',16200,'2025-03-24 00:19:57'),(46,'9788954641723','ON_SALE',13500,'2025-03-24 00:19:57'),(47,'9791192300818','ON_SALE',15300,'2025-03-24 00:19:57'),(48,'9788954655234','ON_SALE',11700,'2025-03-24 00:19:57'),(49,'9788965961526','ON_SALE',36000,'2025-03-24 00:19:57'),(50,'9788947548378','ON_SALE',24300,'2025-03-24 00:19:57'),(51,'9788936472856','ON_SALE',19800,'2025-03-24 00:19:57'),(52,'9788998441012','TEMPORARILY_OUT_OF_STOCK',11700,'2025-03-24 00:19:57'),(53,'9788965963743','ON_SALE',21600,'2025-03-24 00:19:57'),(54,'9788954655789','ON_SALE',21600,'2025-03-24 00:19:57'),(55,'9788965961672','TEMPORARILY_OUT_OF_STOCK',18000,'2025-03-24 00:19:57'),(56,'9788965963296','ON_SALE',23400,'2025-03-24 00:19:57'),(57,'9788932473235','ON_SALE',22500,'2025-03-24 00:19:57'),(58,'9788965962739','ON_SALE',54000,'2025-03-24 00:19:57'),(59,'9788965962394','TEMPORARILY_OUT_OF_STOCK',32400,'2025-03-24 00:19:57'),(60,'9788947548265','TEMPORARILY_OUT_OF_STOCK',48600,'2025-03-24 00:19:57'),(61,'9788965963849','ON_SALE',24300,'2025-03-24 00:19:57'),(62,'9791140714575','TEMPORARILY_OUT_OF_STOCK',18900,'2025-03-24 00:19:57'),(63,'9788950962575','ON_SALE',21600,'2025-03-24 00:19:57'),(64,'9788934987364','TEMPORARILY_OUT_OF_STOCK',17100,'2025-03-24 00:19:57'),(65,'9788936471174','ON_SALE',23400,'2025-03-24 00:19:57'),(66,'9788965962395','ON_SALE',22500,'2025-03-24 00:19:57'),(67,'9788965963486','ON_SALE',28800,'2025-03-24 00:19:57'),(68,'9788965961849','ON_SALE',20700,'2025-03-24 00:19:57'),(69,'9788954655567','ON_SALE',11700,'2025-03-24 00:19:57'),(70,'9788932473569','ON_SALE',25200,'2025-03-24 00:19:57'),(71,'9788936472948','ON_SALE',10800,'2025-03-24 00:19:57'),(72,'9788932919374','TEMPORARILY_OUT_OF_STOCK',58500,'2025-03-24 00:19:57'),(73,'9788965962851','ON_SALE',39600,'2025-03-24 00:19:57'),(74,'9788965962849','ON_SALE',45000,'2025-03-24 00:19:57'),(75,'9788965962850','ON_SALE',28800,'2025-03-24 00:19:57'),(76,'9791198517425','ON_SALE',22500,'2025-03-24 00:19:57'),(77,'9788950962385','ON_SALE',16200,'2025-03-24 00:19:57'),(78,'9788950963189','ON_SALE',21600,'2025-03-24 00:19:57'),(79,'9788965962199','ON_SALE',26100,'2025-03-24 00:19:57'),(80,'9788934989547','TEMPORARILY_OUT_OF_STOCK',18000,'2025-03-24 00:19:57'),(81,'9788965962198','TEMPORARILY_OUT_OF_STOCK',26100,'2025-03-24 00:19:57'),(82,'9788932918575','TEMPORARILY_OUT_OF_STOCK',23400,'2025-03-24 00:19:57'),(83,'9788936472382','ON_SALE',16200,'2025-03-24 00:19:57'),(84,'9788932918573','ON_SALE',18000,'2025-03-24 00:19:57'),(85,'9788947549487','ON_SALE',18000,'2025-03-24 00:19:57'),(86,'9788947549163','ON_SALE',19800,'2025-03-24 00:19:57'),(87,'9788947549827','TEMPORARILY_OUT_OF_STOCK',28800,'2025-03-24 00:19:57'),(88,'9788932018394','ON_SALE',51300,'2025-03-24 00:19:57'),(89,'9788932917638','ON_SALE',36000,'2025-03-24 00:19:57'),(90,'9788965961527','TEMPORARILY_OUT_OF_STOCK',19800,'2025-03-24 00:19:57'),(91,'9788932473893','ON_SALE',23400,'2025-03-24 00:19:57'),(92,'9791198987631','ON_SALE',19800,'2025-03-24 00:19:57'),(93,'9788936434120','TEMPORARILY_OUT_OF_STOCK',13500,'2025-03-24 00:19:57'),(94,'9788936472139','TEMPORARILY_OUT_OF_STOCK',11700,'2025-03-24 00:19:57'),(95,'9788947549164','ON_SALE',18000,'2025-03-24 00:19:57'),(96,'9788932473567','ON_SALE',27000,'2025-03-24 00:19:57'),(97,'9788950962451','ON_SALE',17100,'2025-03-24 00:19:57'),(98,'9788950962751','ON_SALE',19800,'2025-03-24 00:19:57'),(99,'9788932473928','ON_SALE',39600,'2025-03-24 00:19:57'),(100,'9788947548951','ON_SALE',81000,'2025-03-24 00:19:57'),(101,'9788932473570','TEMPORARILY_OUT_OF_STOCK',24300,'2025-03-24 00:19:57'),(102,'9788965963488','ON_SALE',32400,'2025-03-24 00:19:57'),(103,'9788947548598','ON_SALE',26100,'2025-03-24 00:19:57'),(104,'9788947549830','TEMPORARILY_OUT_OF_STOCK',25200,'2025-03-24 00:19:57'),(105,'9788950961394','TEMPORARILY_OUT_OF_STOCK',18000,'2025-03-24 00:19:57'),(106,'9788936472764','ON_SALE',11700,'2025-03-24 00:19:57'),(107,'9791194368311','ON_SALE',21600,'2025-03-24 00:19:57'),(108,'9788934989234','ON_SALE',18900,'2025-03-24 00:19:57'),(109,'9788954655698','ON_SALE',21600,'2025-03-24 00:19:57'),(110,'9788965963847','ON_SALE',18000,'2025-03-24 00:19:57'),(111,'9788934987659','ON_SALE',19800,'2025-03-24 00:19:57'),(112,'9788936472381','ON_SALE',14850,'2025-03-24 00:19:57'),(113,'9788965963495','ON_SALE',45000,'2025-03-24 00:19:57'),(114,'9788932918264','ON_SALE',24300,'2025-03-24 00:19:57'),(115,'9788947548267','ON_SALE',19800,'2025-03-24 00:19:57'),(116,'9788947549488','ON_SALE',22500,'2025-03-24 00:19:57'),(117,'9788965963744','ON_SALE',23400,'2025-03-24 00:19:57'),(118,'9788932473892','ON_SALE',25200,'2025-03-24 00:19:57'),(119,'9788950962576','ON_SALE',24300,'2025-03-24 00:19:57'),(120,'9788947548373','TEMPORARILY_OUT_OF_STOCK',19800,'2025-03-24 00:19:57'),(121,'9788947548372','ON_SALE',17100,'2025-03-24 00:19:57'),(122,'9788965963742','ON_SALE',21600,'2025-03-24 00:19:57'),(123,'9788965962949','ON_SALE',27000,'2025-03-24 00:19:57'),(124,'9788932918265','ON_SALE',27000,'2025-03-24 00:19:57'),(125,'9788936471654','ON_SALE',14850,'2025-03-24 00:19:57'),(126,'9788936472047','ON_SALE',11700,'2025-03-24 00:19:57'),(127,'9788965962294','ON_SALE',19800,'2025-03-24 00:19:57'),(128,'9791194368137','ON_SALE',29700,'2025-03-24 00:19:57'),(129,'9791142316760','EXPECTED_IN_STOCK',5400,'2025-03-24 00:19:57'),(130,'9788932474185','ON_SALE',54000,'2025-03-24 00:19:57'),(131,'9788932918576','TEMPORARILY_OUT_OF_STOCK',27000,'2025-03-24 00:19:57'),(132,'9788965962197','ON_SALE',42300,'2025-03-24 00:19:57'),(133,'9788965963487','ON_SALE',21600,'2025-03-24 00:19:57'),(134,'9788947548578','TEMPORARILY_OUT_OF_STOCK',32400,'2025-03-24 00:19:57'),(135,'9788965962396','ON_SALE',22500,'2025-03-24 00:19:57'),(136,'9788932473234','ON_SALE',24000,'2025-03-24 00:19:57'),(137,'9788954655123','ON_SALE',18900,'2025-03-24 00:19:57'),(138,'9788954655456','ON_SALE',12600,'2025-03-24 00:19:57'),(139,'9788947548374','TEMPORARILY_OUT_OF_STOCK',24300,'2025-03-24 00:19:57'),(140,'9788932473891','ON_SALE',16200,'2025-03-24 00:19:57'),(141,'9788950962573','TEMPORARILY_OUT_OF_STOCK',38700,'2025-03-24 00:19:57'),(142,'9788936472665','TEMPORARILY_OUT_OF_STOCK',32400,'2025-03-24 00:19:57'),(143,'9788954642678','ON_SALE',16200,'2025-03-24 00:19:57'),(144,'9788947548266','ON_SALE',28800,'2025-03-24 00:19:57'),(145,'9788932917829','ON_SALE',20700,'2025-03-24 00:19:57'),(146,'9788932917488','ON_SALE',32400,'2025-03-24 00:19:57'),(147,'9788947549485','ON_SALE',20700,'2025-03-24 00:19:57'),(148,'9788947548264','ON_SALE',24300,'2025-03-24 00:19:57'),(149,'9788965963295','TEMPORARILY_OUT_OF_STOCK',22500,'2025-03-24 00:19:57'),(150,'9788932473568','ON_SALE',23400,'2025-03-24 00:19:57'),(151,'9788965963745','ON_SALE',28800,'2025-03-24 00:19:57'),(152,'9788932473236','ON_SALE',25200,'2025-03-24 00:19:57'),(153,'9788965960728','ON_SALE',20700,'2025-03-24 00:19:57'),(154,'9788936471357','ON_SALE',18900,'2025-03-24 00:19:57'),(155,'9788965963848','ON_SALE',35100,'2025-03-24 00:19:57'),(156,'9788965963294','ON_SALE',24300,'2025-03-24 00:19:57'),(157,'9788954642395','ON_SALE',16200,'2025-03-24 00:19:57'),(158,'9788936434595','ON_SALE',15300,'2025-03-24 00:19:57'),(159,'9788965961375','TEMPORARILY_OUT_OF_STOCK',16200,'2025-03-24 00:19:57'),(160,'9788934989851','ON_SALE',15300,'2025-03-24 00:19:57'),(161,'9788954641286','ON_SALE',27000,'2025-03-24 00:19:57'),(162,'9788950962848','ON_SALE',21600,'2025-03-24 00:19:57'),(163,'9788950963574','TEMPORARILY_OUT_OF_STOCK',17100,'2025-03-24 00:19:57'),(164,'9788965962156','ON_SALE',15300,'2025-03-24 00:19:57'),(165,'9788936471043','ON_SALE',17100,'2025-03-24 00:19:57'),(166,'9788947548739','ON_SALE',26100,'2025-03-24 00:19:57'),(167,'9788959897223','ON_SALE',18000,'2025-03-24 00:19:57'),(168,'9791162203620','ON_SALE',14220,'2025-03-24 00:19:57'),(169,'9788936471869','ON_SALE',13500,'2025-03-24 00:19:57'),(170,'9788965963485','ON_SALE',36000,'2025-03-24 00:19:57'),(171,'9788965963291','ON_SALE',14850,'2025-03-24 00:19:57'),(172,'9788954641852','ON_SALE',11700,'2025-03-24 00:19:57'),(173,'9788954642852','ON_SALE',15300,'2025-03-24 00:19:57'),(174,'9788947548263','ON_SALE',20700,'2025-03-24 00:19:57'),(175,'9788932473111','TEMPORARILY_OUT_OF_STOCK',32400,'2025-03-24 00:19:57'),(176,'9788934976582','ON_SALE',19800,'2025-03-24 00:19:57'),(177,'9788947548963','ON_SALE',15300,'2025-03-24 00:19:57'),(178,'9788965963741','ON_SALE',27000,'2025-03-24 00:19:57'),(179,'9788947549828','ON_SALE',24300,'2025-03-24 00:19:57'),(180,'9788965962848','ON_SALE',27000,'2025-03-24 00:19:57'),(181,'9788965962485','ON_SALE',32400,'2025-03-24 00:19:57'),(182,'9788932917386','ON_SALE',24300,'2025-03-24 00:19:57'),(183,'9788936471456','ON_SALE',10800,'2025-03-24 00:19:57'),(184,'9788950962194','ON_SALE',24300,'2025-03-24 00:19:57'),(185,'9788947549486','ON_SALE',72000,'2025-03-24 00:19:57'),(186,'9788954641569','ON_SALE',12600,'2025-03-24 00:19:57'),(187,'9791193904152','ON_SALE',18000,'2025-03-24 00:19:57'),(188,'9788954641296','TEMPORARILY_OUT_OF_STOCK',14850,'2025-03-24 00:19:57'),(189,'9788965961547','ON_SALE',18900,'2025-03-24 00:19:57'),(190,'9788932918574','ON_SALE',24300,'2025-03-24 00:19:57'),(191,'9788965962574','ON_SALE',19800,'2025-03-24 00:19:57'),(192,'9788965961847','ON_SALE',20700,'2025-03-24 00:19:57'),(193,'9788936439743','TEMPORARILY_OUT_OF_STOCK',16200,'2025-03-24 00:19:57'),(194,'9788947548597','ON_SALE',21600,'2025-03-24 00:19:57'),(195,'9788965963728','TEMPORARILY_OUT_OF_STOCK',36000,'2025-03-24 00:19:57'),(196,'9791130649672','ON_SALE',15300,'2025-03-24 00:19:57'),(197,'9788947549165','ON_SALE',22500,'2025-03-24 00:19:57'),(198,'9791142316760','ON_SALE',5400,'2025-07-13 00:53:15'),(199,'9788950963192','TEMPORARILY_OUT_OF_STOCK',15300,'2025-07-13 01:16:19'),(200,'9788931934656','TEMPORARILY_OUT_OF_STOCK',18000,'2025-07-13 04:30:09'),(201,'9788931934656','TEMPORARILY_OUT_OF_STOCK',15000,'2025-07-13 04:31:11'),(202,'9788931934656','ON_SALE',18000,'2025-07-13 04:31:53');
/*!40000 ALTER TABLE `product_history` ENABLE KEYS */;
UNLOCK TABLES;

--
-- Table structure for table `product_review`
--

DROP TABLE IF EXISTS `product_review`;
/*!40101 SET @saved_cs_client     = @@character_set_client */;
/*!50503 SET character_set_client = utf8mb4 */;
CREATE TABLE `product_review` (
  `product_review_id` int NOT NULL AUTO_INCREMENT,
  `order_id` varchar(255) NOT NULL,
  `id_for_admin` varchar(255) NOT NULL,
  `isbn` varchar(255) NOT NULL,
  `review_title` varchar(255) DEFAULT NULL,
  `review_content` text,
  `reg_date` datetime DEFAULT NULL,
  `update_date` datetime DEFAULT NULL,
  `delete_date` datetime DEFAULT NULL,
  PRIMARY KEY (`product_review_id`),
  KEY `fk_order_detail_to_product_review` (`order_id`,`id_for_admin`,`isbn`),
  CONSTRAINT `fk_order_detail_to_product_review` FOREIGN KEY (`order_id`, `id_for_admin`, `isbn`) REFERENCES `order_detail` (`order_id`, `id_for_admin`, `isbn`)
) ENGINE=InnoDB AUTO_INCREMENT=18 DEFAULT CHARSET=utf8mb3;
/*!40101 SET character_set_client = @saved_cs_client */;

--
-- Dumping data for table `product_review`
--

LOCK TABLES `product_review` WRITE;
/*!40000 ALTER TABLE `product_review` DISABLE KEYS */;
INSERT INTO `product_review` VALUES (1,'OD20250711155314','U00001','9791198987631','책 좋네요','책 좋네요','2025-07-12 15:08:40',NULL,NULL),(2,'OD20250711155426','U00001','9791194368137','재밌어요~!!','재밌어요~!!','2025-07-12 15:08:53',NULL,NULL),(3,'OD20250712133000','U00001','9788932018743','배송 빨리와서 좋아요!','배송 빨리와서 좋아요!','2025-07-12 15:09:01',NULL,NULL),(4,'OD20250712133000','U00001','9788936472381','책 잘받았어요','책 잘받았어요','2025-07-12 15:09:06',NULL,'2025-07-12 15:18:16'),(5,'OD20250712133000','U00001','9788954642395','내용이 너무 감동적이에요','내용이 너무 감동적이에요','2025-07-12 15:09:13',NULL,NULL),(6,'OD20250712133000','U00001','9788959897223','작가님 짱!','작가님 짱!','2025-07-12 15:09:20',NULL,NULL),(7,'OD20250712133000','U00001','9791193904152','잘 읽었습니다','잘 읽었습니다','2025-07-12 15:09:25',NULL,NULL),(8,'OD20250712133000','U00001','9791194368137','대박이네요','대박이네요','2025-07-12 15:10:36',NULL,NULL),(9,'OD20250712133000','U00001','9791194368311','아주 좋습니다~','아주 좋습니다~','2025-07-12 15:10:44',NULL,NULL),(10,'OD20250712133000','U00001','9791198987631','배송이 우사인볼트보다 빨라요','배송이 우사인볼트보다 빨라요','2025-07-12 15:10:50',NULL,NULL),(11,'OD20250712133113','U00001','9791194368137','고맙습니다','고맙습니다','2025-07-12 15:10:56',NULL,NULL),(12,'OD20250712133129','U00001','9788959897223','역시 yesorno24 서비스 굿','역시 yesorno24 서비스 굿','2025-07-12 15:11:08','2025-07-12 15:17:47',NULL),(13,'OD20250712133149','U00001','9791198987631','잘 받았습니다~','잘 받았습니다~','2025-07-12 15:12:22','2025-07-12 15:17:33',NULL),(14,'OD20250712153324','U00001','9791198987631','선물 하려고 샀는데 잘왔어요','선물 하려고 샀는데 잘왔어요','2025-07-12 15:34:46',NULL,NULL),(15,'OD20250712153305','U00001','9791198987631','부모님이 좋아하세요','부모님이 좋아하세요','2025-07-12 15:34:54',NULL,NULL),(16,'OD20250712153255','U00001','9791198987631','필독도서!!','필독도서!!','2025-07-12 15:34:58',NULL,NULL),(17,'OD20250713125139','U00002','9788936434595','노벨상작가 한강의 대작','노벨상작가 한강의 대작','2025-07-13 16:29:30',NULL,NULL);
/*!40000 ALTER TABLE `product_review` ENABLE KEYS */;
UNLOCK TABLES;

--
-- Table structure for table `spring_session`
--

DROP TABLE IF EXISTS `spring_session`;
/*!40101 SET @saved_cs_client     = @@character_set_client */;
/*!50503 SET character_set_client = utf8mb4 */;
CREATE TABLE `spring_session` (
  `primary_id` char(36) NOT NULL,
  `session_id` char(36) NOT NULL,
  `creation_time` bigint NOT NULL,
  `last_access_time` bigint NOT NULL,
  `max_inactive_interval` int NOT NULL,
  `expiry_time` bigint NOT NULL,
  `principal_name` varchar(255) DEFAULT NULL,
  PRIMARY KEY (`primary_id`),
  UNIQUE KEY `spring_session_ix1` (`session_id`),
  KEY `spring_session_ix2` (`expiry_time`),
  KEY `spring_session_ix3` (`principal_name`)
) ENGINE=InnoDB DEFAULT CHARSET=utf8mb3;
/*!40101 SET character_set_client = @saved_cs_client */;

--
-- Dumping data for table `spring_session`
--

LOCK TABLES `spring_session` WRITE;
/*!40000 ALTER TABLE `spring_session` DISABLE KEYS */;
/*!40000 ALTER TABLE `spring_session` ENABLE KEYS */;
UNLOCK TABLES;

--
-- Table structure for table `spring_session_attributes`
--

DROP TABLE IF EXISTS `spring_session_attributes`;
/*!40101 SET @saved_cs_client     = @@character_set_client */;
/*!50503 SET character_set_client = utf8mb4 */;
CREATE TABLE `spring_session_attributes` (
  `session_primary_id` char(36) NOT NULL,
  `attribute_name` varchar(255) NOT NULL,
  `attribute_bytes` blob NOT NULL,
  PRIMARY KEY (`session_primary_id`,`attribute_name`),
  CONSTRAINT `spring_session_attributes_fk` FOREIGN KEY (`session_primary_id`) REFERENCES `spring_session` (`primary_id`) ON DELETE CASCADE
) ENGINE=InnoDB DEFAULT CHARSET=utf8mb3;
/*!40101 SET character_set_client = @saved_cs_client */;

--
-- Dumping data for table `spring_session_attributes`
--

LOCK TABLES `spring_session_attributes` WRITE;
/*!40000 ALTER TABLE `spring_session_attributes` DISABLE KEYS */;
/*!40000 ALTER TABLE `spring_session_attributes` ENABLE KEYS */;
UNLOCK TABLES;

--
-- Table structure for table `stock`
--

DROP TABLE IF EXISTS `stock`;
/*!40101 SET @saved_cs_client     = @@character_set_client */;
/*!50503 SET character_set_client = utf8mb4 */;
CREATE TABLE `stock` (
  `stock_id` int NOT NULL AUTO_INCREMENT,
  `isbn` varchar(255) DEFAULT NULL,
  `in_out_type` enum('INBOUND','OUTBOUND') DEFAULT NULL COMMENT '구분: 입고/출고',
  `in_out_quantity` int DEFAULT NULL,
  `before_quantity` int DEFAULT NULL,
  `after_quantity` int DEFAULT NULL,
  `update_date` datetime DEFAULT NULL,
  PRIMARY KEY (`stock_id`),
  KEY `isbn` (`isbn`),
  CONSTRAINT `stock_ibfk_1` FOREIGN KEY (`isbn`) REFERENCES `product` (`isbn`)
) ENGINE=InnoDB AUTO_INCREMENT=203 DEFAULT CHARSET=utf8mb3;
/*!40101 SET character_set_client = @saved_cs_client */;

--
-- Dumping data for table `stock`
--

LOCK TABLES `stock` WRITE;
/*!40000 ALTER TABLE `stock` DISABLE KEYS */;
INSERT INTO `stock` VALUES (1,'9788965962195','INBOUND',100,0,100,'2025-03-24 00:19:57'),(2,'9788965962983','INBOUND',100,0,100,'2025-03-24 00:19:57'),(3,'9780300283259','INBOUND',100,0,100,'2025-03-24 00:19:57'),(4,'9788965962847','INBOUND',100,0,100,'2025-03-24 00:19:57'),(5,'9780440414803','INBOUND',100,0,100,'2025-03-24 00:19:57'),(6,'9780857197689','INBOUND',100,0,100,'2025-03-24 00:19:57'),(7,'9788932917486','INBOUND',100,0,100,'2025-03-24 00:19:57'),(8,'9788950962478','INBOUND',100,0,100,'2025-03-24 00:19:57'),(9,'9788965963297','INBOUND',100,0,100,'2025-03-24 00:19:57'),(10,'9788936472481','INBOUND',100,0,100,'2025-03-24 00:19:57'),(11,'9788965962738','INBOUND',100,0,100,'2025-03-24 00:19:57'),(12,'9788965962740','INBOUND',100,0,100,'2025-03-24 00:19:57'),(13,'9788932018743','INBOUND',100,0,100,'2025-03-24 00:19:57'),(14,'9788950963193','INBOUND',100,0,100,'2025-03-24 00:19:57'),(15,'9788965962397','INBOUND',100,0,100,'2025-03-24 00:19:57'),(16,'9788965963574','INBOUND',100,0,100,'2025-03-24 00:19:57'),(17,'9788950962577','INBOUND',100,0,100,'2025-03-24 00:19:57'),(18,'9788932917487','INBOUND',100,0,100,'2025-03-24 00:19:57'),(19,'9788947548829','INBOUND',100,0,100,'2025-03-24 00:19:57'),(20,'9788932917387','INBOUND',100,0,100,'2025-03-24 00:19:57'),(21,'9788936472198','INBOUND',100,0,100,'2025-03-24 00:19:57'),(22,'9788950963192','INBOUND',100,0,100,'2025-03-24 00:19:57'),(23,'9788965961439','INBOUND',100,0,100,'2025-03-24 00:19:57'),(24,'9788947548596','INBOUND',100,0,100,'2025-03-24 00:19:57'),(25,'9788932917485','INBOUND',100,0,100,'2025-03-24 00:19:57'),(26,'9788947549829','INBOUND',100,0,100,'2025-03-24 00:19:57'),(27,'9788954642753','INBOUND',100,0,100,'2025-03-24 00:19:57'),(28,'9788965962196','INBOUND',100,0,100,'2025-03-24 00:19:57'),(29,'9788965961850','INBOUND',100,0,100,'2025-03-24 00:19:57'),(30,'9791167740984','INBOUND',100,0,100,'2025-03-24 00:19:57'),(31,'9788950961283','INBOUND',100,0,100,'2025-03-24 00:19:57'),(32,'9788932473929','INBOUND',100,0,100,'2025-03-24 00:19:57'),(33,'9788936472290','INBOUND',100,0,100,'2025-03-24 00:19:57'),(34,'9788954655890','INBOUND',100,0,100,'2025-03-24 00:19:57'),(35,'9788947549642','INBOUND',100,0,100,'2025-03-24 00:19:57'),(36,'9788965961848','INBOUND',100,0,100,'2025-03-24 00:19:57'),(37,'9788965961829','INBOUND',100,0,100,'2025-03-24 00:19:57'),(38,'9788947548740','INBOUND',100,0,100,'2025-03-24 00:19:57'),(39,'9788934987928','INBOUND',100,0,100,'2025-03-24 00:19:57'),(40,'9788936471982','INBOUND',100,0,100,'2025-03-24 00:19:57'),(41,'9788947549169','INBOUND',100,0,100,'2025-03-24 00:19:57'),(42,'9788936471760','INBOUND',100,0,100,'2025-03-24 00:19:57'),(43,'9791194087700','INBOUND',100,0,100,'2025-03-24 00:19:57'),(44,'9788954642159','INBOUND',100,0,100,'2025-03-24 00:19:57'),(45,'9788950963752','INBOUND',100,0,100,'2025-03-24 00:19:57'),(46,'9788954641723','INBOUND',100,0,100,'2025-03-24 00:19:57'),(47,'9791192300818','INBOUND',100,0,100,'2025-03-24 00:19:57'),(48,'9788954655234','INBOUND',100,0,100,'2025-03-24 00:19:57'),(49,'9788965961526','INBOUND',100,0,100,'2025-03-24 00:19:57'),(50,'9788947548378','INBOUND',100,0,100,'2025-03-24 00:19:57'),(51,'9788936472856','INBOUND',100,0,100,'2025-03-24 00:19:57'),(52,'9788998441012','INBOUND',100,0,100,'2025-03-24 00:19:57'),(53,'9788965963743','INBOUND',100,0,100,'2025-03-24 00:19:57'),(54,'9788954655789','INBOUND',100,0,100,'2025-03-24 00:19:57'),(55,'9788965961672','INBOUND',100,0,100,'2025-03-24 00:19:57'),(56,'9788965963296','INBOUND',100,0,100,'2025-03-24 00:19:57'),(57,'9788932473235','INBOUND',100,0,100,'2025-03-24 00:19:57'),(58,'9788965962739','INBOUND',100,0,100,'2025-03-24 00:19:57'),(59,'9788965962394','INBOUND',100,0,100,'2025-03-24 00:19:57'),(60,'9788947548265','INBOUND',100,0,100,'2025-03-24 00:19:57'),(61,'9788965963849','INBOUND',100,0,100,'2025-03-24 00:19:57'),(62,'9791140714575','INBOUND',100,0,100,'2025-03-24 00:19:57'),(63,'9788950962575','INBOUND',100,0,100,'2025-03-24 00:19:57'),(64,'9788934987364','INBOUND',100,0,100,'2025-03-24 00:19:57'),(65,'9788936471174','INBOUND',100,0,100,'2025-03-24 00:19:57'),(66,'9788965962395','INBOUND',100,0,100,'2025-03-24 00:19:57'),(67,'9788965963486','INBOUND',100,0,100,'2025-03-24 00:19:57'),(68,'9788965961849','INBOUND',100,0,100,'2025-03-24 00:19:57'),(69,'9788954655567','INBOUND',100,0,100,'2025-03-24 00:19:57'),(70,'9788932473569','INBOUND',100,0,100,'2025-03-24 00:19:57'),(71,'9788936472948','INBOUND',100,0,100,'2025-03-24 00:19:57'),(72,'9788932919374','INBOUND',100,0,100,'2025-03-24 00:19:57'),(73,'9788965962851','INBOUND',100,0,100,'2025-03-24 00:19:57'),(74,'9788965962849','INBOUND',100,0,100,'2025-03-24 00:19:57'),(75,'9788965962850','INBOUND',100,0,100,'2025-03-24 00:19:57'),(76,'9791198517425','INBOUND',100,0,100,'2025-03-24 00:19:57'),(77,'9788950962385','INBOUND',100,0,100,'2025-03-24 00:19:57'),(78,'9788950963189','INBOUND',100,0,100,'2025-03-24 00:19:57'),(79,'9788965962199','INBOUND',100,0,100,'2025-03-24 00:19:57'),(80,'9788934989547','INBOUND',100,0,100,'2025-03-24 00:19:57'),(81,'9788965962198','INBOUND',100,0,100,'2025-03-24 00:19:57'),(82,'9788932918575','INBOUND',100,0,100,'2025-03-24 00:19:57'),(83,'9788936472382','INBOUND',100,0,100,'2025-03-24 00:19:57'),(84,'9788932918573','INBOUND',100,0,100,'2025-03-24 00:19:57'),(85,'9788947549487','INBOUND',100,0,100,'2025-03-24 00:19:57'),(86,'9788947549163','INBOUND',100,0,100,'2025-03-24 00:19:57'),(87,'9788947549827','INBOUND',100,0,100,'2025-03-24 00:19:57'),(88,'9788932018394','INBOUND',100,0,100,'2025-03-24 00:19:57'),(89,'9788932917638','INBOUND',100,0,100,'2025-03-24 00:19:57'),(90,'9788965961527','INBOUND',100,0,100,'2025-03-24 00:19:57'),(91,'9788932473893','INBOUND',100,0,100,'2025-03-24 00:19:57'),(92,'9791198987631','INBOUND',100,0,100,'2025-03-24 00:19:57'),(93,'9788936434120','INBOUND',100,0,100,'2025-03-24 00:19:57'),(94,'9788936472139','INBOUND',100,0,100,'2025-03-24 00:19:57'),(95,'9788947549164','INBOUND',100,0,100,'2025-03-24 00:19:57'),(96,'9788932473567','INBOUND',100,0,100,'2025-03-24 00:19:57'),(97,'9788950962451','INBOUND',100,0,100,'2025-03-24 00:19:57'),(98,'9788950962751','INBOUND',100,0,100,'2025-03-24 00:19:57'),(99,'9788932473928','INBOUND',100,0,100,'2025-03-24 00:19:57'),(100,'9788947548951','INBOUND',100,0,100,'2025-03-24 00:19:57'),(101,'9788932473570','INBOUND',100,0,100,'2025-03-24 00:19:57'),(102,'9788965963488','INBOUND',100,0,100,'2025-03-24 00:19:57'),(103,'9788947548598','INBOUND',100,0,100,'2025-03-24 00:19:57'),(104,'9788947549830','INBOUND',100,0,100,'2025-03-24 00:19:57'),(105,'9788950961394','INBOUND',100,0,100,'2025-03-24 00:19:57'),(106,'9788936472764','INBOUND',100,0,100,'2025-03-24 00:19:57'),(107,'9791194368311','INBOUND',100,0,100,'2025-03-24 00:19:57'),(108,'9788934989234','INBOUND',100,0,100,'2025-03-24 00:19:57'),(109,'9788954655698','INBOUND',100,0,100,'2025-03-24 00:19:57'),(110,'9788965963847','INBOUND',100,0,100,'2025-03-24 00:19:57'),(111,'9788934987659','INBOUND',100,0,100,'2025-03-24 00:19:57'),(112,'9788936472381','INBOUND',100,0,100,'2025-03-24 00:19:57'),(113,'9788965963495','INBOUND',100,0,100,'2025-03-24 00:19:57'),(114,'9788932918264','INBOUND',100,0,100,'2025-03-24 00:19:57'),(115,'9788947548267','INBOUND',100,0,100,'2025-03-24 00:19:57'),(116,'9788947549488','INBOUND',100,0,100,'2025-03-24 00:19:57'),(117,'9788965963744','INBOUND',100,0,100,'2025-03-24 00:19:57'),(118,'9788932473892','INBOUND',100,0,100,'2025-03-24 00:19:57'),(119,'9788950962576','INBOUND',100,0,100,'2025-03-24 00:19:57'),(120,'9788947548373','INBOUND',100,0,100,'2025-03-24 00:19:57'),(121,'9788947548372','INBOUND',100,0,100,'2025-03-24 00:19:57'),(122,'9788965963742','INBOUND',100,0,100,'2025-03-24 00:19:57'),(123,'9788965962949','INBOUND',100,0,100,'2025-03-24 00:19:57'),(124,'9788932918265','INBOUND',100,0,100,'2025-03-24 00:19:57'),(125,'9788936471654','INBOUND',100,0,100,'2025-03-24 00:19:57'),(126,'9788936472047','INBOUND',100,0,100,'2025-03-24 00:19:57'),(127,'9788965962294','INBOUND',100,0,100,'2025-03-24 00:19:57'),(128,'9791194368137','INBOUND',100,0,100,'2025-03-24 00:19:57'),(129,'9791142316760','INBOUND',100,0,100,'2025-03-24 00:19:57'),(130,'9788932474185','INBOUND',100,0,100,'2025-03-24 00:19:57'),(131,'9788932918576','INBOUND',100,0,100,'2025-03-24 00:19:57'),(132,'9788965962197','INBOUND',100,0,100,'2025-03-24 00:19:57'),(133,'9788965963487','INBOUND',100,0,100,'2025-03-24 00:19:57'),(134,'9788947548578','INBOUND',100,0,100,'2025-03-24 00:19:57'),(135,'9788965962396','INBOUND',100,0,100,'2025-03-24 00:19:57'),(136,'9788932473234','INBOUND',100,0,100,'2025-03-24 00:19:57'),(137,'9788954655123','INBOUND',100,0,100,'2025-03-24 00:19:57'),(138,'9788954655456','INBOUND',100,0,100,'2025-03-24 00:19:57'),(139,'9788947548374','INBOUND',100,0,100,'2025-03-24 00:19:57'),(140,'9788932473891','INBOUND',100,0,100,'2025-03-24 00:19:57'),(141,'9788950962573','INBOUND',100,0,100,'2025-03-24 00:19:57'),(142,'9788936472665','INBOUND',100,0,100,'2025-03-24 00:19:57'),(143,'9788954642678','INBOUND',100,0,100,'2025-03-24 00:19:57'),(144,'9788947548266','INBOUND',100,0,100,'2025-03-24 00:19:57'),(145,'9788932917829','INBOUND',100,0,100,'2025-03-24 00:19:57'),(146,'9788932917488','INBOUND',100,0,100,'2025-03-24 00:19:57'),(147,'9788947549485','INBOUND',100,0,100,'2025-03-24 00:19:57'),(148,'9788947548264','INBOUND',100,0,100,'2025-03-24 00:19:57'),(149,'9788965963295','INBOUND',100,0,100,'2025-03-24 00:19:57'),(150,'9788932473568','INBOUND',100,0,100,'2025-03-24 00:19:57'),(151,'9788965963745','INBOUND',100,0,100,'2025-03-24 00:19:57'),(152,'9788932473236','INBOUND',100,0,100,'2025-03-24 00:19:57'),(153,'9788965960728','INBOUND',100,0,100,'2025-03-24 00:19:57'),(154,'9788936471357','INBOUND',100,0,100,'2025-03-24 00:19:57'),(155,'9788965963848','INBOUND',100,0,100,'2025-03-24 00:19:57'),(156,'9788965963294','INBOUND',100,0,100,'2025-03-24 00:19:57'),(157,'9788954642395','INBOUND',100,0,100,'2025-03-24 00:19:57'),(158,'9788936434595','INBOUND',100,0,100,'2025-03-24 00:19:57'),(159,'9788965961375','INBOUND',100,0,100,'2025-03-24 00:19:57'),(160,'9788934989851','INBOUND',100,0,100,'2025-03-24 00:19:57'),(161,'9788954641286','INBOUND',100,0,100,'2025-03-24 00:19:57'),(162,'9788950962848','INBOUND',100,0,100,'2025-03-24 00:19:57'),(163,'9788950963574','INBOUND',100,0,100,'2025-03-24 00:19:57'),(164,'9788965962156','INBOUND',100,0,100,'2025-03-24 00:19:57'),(165,'9788936471043','INBOUND',100,0,100,'2025-03-24 00:19:57'),(166,'9788947548739','INBOUND',100,0,100,'2025-03-24 00:19:57'),(167,'9788959897223','INBOUND',100,0,100,'2025-03-24 00:19:57'),(168,'9791162203620','INBOUND',100,0,100,'2025-03-24 00:19:57'),(169,'9788936471869','INBOUND',100,0,100,'2025-03-24 00:19:57'),(170,'9788965963485','INBOUND',100,0,100,'2025-03-24 00:19:57'),(171,'9788965963291','INBOUND',100,0,100,'2025-03-24 00:19:57'),(172,'9788954641852','INBOUND',100,0,100,'2025-03-24 00:19:57'),(173,'9788954642852','INBOUND',100,0,100,'2025-03-24 00:19:57'),(174,'9788947548263','INBOUND',100,0,100,'2025-03-24 00:19:57'),(175,'9788932473111','INBOUND',100,0,100,'2025-03-24 00:19:57'),(176,'9788934976582','INBOUND',100,0,100,'2025-03-24 00:19:57'),(177,'9788947548963','INBOUND',100,0,100,'2025-03-24 00:19:57'),(178,'9788965963741','INBOUND',100,0,100,'2025-03-24 00:19:57'),(179,'9788947549828','INBOUND',100,0,100,'2025-03-24 00:19:57'),(180,'9788965962848','INBOUND',100,0,100,'2025-03-24 00:19:57'),(181,'9788965962485','INBOUND',100,0,100,'2025-03-24 00:19:57'),(182,'9788932917386','INBOUND',100,0,100,'2025-03-24 00:19:57'),(183,'9788936471456','INBOUND',100,0,100,'2025-03-24 00:19:57'),(184,'9788950962194','INBOUND',100,0,100,'2025-03-24 00:19:57'),(185,'9788947549486','INBOUND',100,0,100,'2025-03-24 00:19:57'),(186,'9788954641569','INBOUND',100,0,100,'2025-03-24 00:19:57'),(187,'9791193904152','INBOUND',100,0,100,'2025-03-24 00:19:57'),(188,'9788954641296','INBOUND',100,0,100,'2025-03-24 00:19:57'),(189,'9788965961547','INBOUND',100,0,100,'2025-03-24 00:19:57'),(190,'9788932918574','INBOUND',100,0,100,'2025-03-24 00:19:57'),(191,'9788965962574','INBOUND',100,0,100,'2025-03-24 00:19:57'),(192,'9788965961847','INBOUND',100,0,100,'2025-03-24 00:19:57'),(193,'9788936439743','INBOUND',100,0,100,'2025-03-24 00:19:57'),(194,'9788947548597','INBOUND',100,0,100,'2025-03-24 00:19:57'),(195,'9788965963728','INBOUND',100,0,100,'2025-03-24 00:19:57'),(196,'9791130649672','INBOUND',100,0,100,'2025-03-24 00:19:57'),(197,'9788947549165','INBOUND',100,0,100,'2025-03-24 00:19:57'),(198,'9791142316760','INBOUND',15,100,115,'2025-07-13 00:50:49'),(199,'9788931934656','INBOUND',10,0,10,'2025-07-13 03:25:43'),(200,'9788931934656','INBOUND',5,10,15,'2025-07-13 03:25:49'),(201,'9791194087700','INBOUND',5,100,105,'2025-07-13 03:29:14'),(202,'9788936434595','OUTBOUND',3,100,97,'2025-07-13 14:08:55');
/*!40000 ALTER TABLE `stock` ENABLE KEYS */;
UNLOCK TABLES;

--
-- Table structure for table `top_category`
--

DROP TABLE IF EXISTS `top_category`;
/*!40101 SET @saved_cs_client     = @@character_set_client */;
/*!50503 SET character_set_client = utf8mb4 */;
CREATE TABLE `top_category` (
  `top_category` int NOT NULL,
  `top_category_name` varchar(255) DEFAULT NULL,
  PRIMARY KEY (`top_category`)
) ENGINE=InnoDB DEFAULT CHARSET=utf8mb3;
/*!40101 SET character_set_client = @saved_cs_client */;

--
-- Dumping data for table `top_category`
--

LOCK TABLES `top_category` WRITE;
/*!40000 ALTER TABLE `top_category` DISABLE KEYS */;
INSERT INTO `top_category` VALUES (0,'총류'),(100,'철학'),(200,'종교'),(300,'사회과학'),(400,'자연과학'),(500,'기술과학'),(600,'예술'),(700,'언어'),(800,'문학'),(900,'역사');
/*!40000 ALTER TABLE `top_category` ENABLE KEYS */;
UNLOCK TABLES;

--
-- Table structure for table `user`
--

DROP TABLE IF EXISTS `user`;
/*!40101 SET @saved_cs_client     = @@character_set_client */;
/*!50503 SET character_set_client = utf8mb4 */;
CREATE TABLE `user` (
  `id_for_admin` varchar(255) NOT NULL,
  `id_for_user` varchar(255) DEFAULT NULL,
  `user_pwd` varchar(255) DEFAULT NULL,
  `user_name` varchar(255) DEFAULT NULL,
  `user_nickname` varchar(255) DEFAULT NULL,
  `user_birth` date DEFAULT NULL,
  `user_gender` enum('MALE','FEMALE') DEFAULT NULL COMMENT '성별: 남자/여자',
  `user_email` varchar(255) DEFAULT NULL,
  `user_phone_number` varchar(255) DEFAULT NULL,
  `user_address` varchar(255) DEFAULT NULL,
  `user_address_detail` varchar(255) DEFAULT NULL,
  `user_grade_id` varchar(255) DEFAULT 'BZ',
  `user_status` enum('ACTIVE','INACTIVE','DORMANT','WITHDRAWN') DEFAULT 'ACTIVE',
  `last_login_date` datetime DEFAULT NULL,
  `reg_date` datetime DEFAULT NULL,
  `update_date` datetime DEFAULT NULL,
  PRIMARY KEY (`id_for_admin`),
  KEY `user_grade_id` (`user_grade_id`),
  CONSTRAINT `user_ibfk_1` FOREIGN KEY (`user_grade_id`) REFERENCES `user_grade` (`user_grade_id`)
) ENGINE=InnoDB DEFAULT CHARSET=utf8mb3;
/*!40101 SET character_set_client = @saved_cs_client */;

--
-- Dumping data for table `user`
--

LOCK TABLES `user` WRITE;
/*!40000 ALTER TABLE `user` DISABLE KEYS */;
INSERT INTO `user` VALUES ('U00001','fastcampus','fast123!','김패캠','패캠짱','2025-03-24','MALE','fastcampus@fc.com','01011112222','서울 강남구 강남대로 364','미왕빌딩 10층','BZ','ACTIVE','2025-07-13 01:30:36','2025-07-03 16:24:36','2025-07-12 13:03:16'),('U00002','seonghoon95','temp123!','홍성훈','성훈님짱','1995-03-15','MALE','seonghoon95@gmail.com','01020439999','서울 강남구 강남대로 364','미왕빌딩 10층','PL','ACTIVE','2025-07-13 21:47:59','2025-07-05 01:15:05','2025-07-07 20:46:39'),('U00003','seulgizzang','temp123!','김슬기','princesskim','1993-08-28','FEMALE','seulgi@gmail.com','01034567899','서울 강남구 강남대로 364','미왕빌딩 10층','PL','ACTIVE','2025-07-11 23:56:45','2025-07-05 01:24:16','2025-07-11 23:56:36');
/*!40000 ALTER TABLE `user` ENABLE KEYS */;
UNLOCK TABLES;

--
-- Table structure for table `user_grade`
--

DROP TABLE IF EXISTS `user_grade`;
/*!40101 SET @saved_cs_client     = @@character_set_client */;
/*!50503 SET character_set_client = utf8mb4 */;
CREATE TABLE `user_grade` (
  `user_grade_id` varchar(255) NOT NULL,
  `user_grade_name` enum('BRONZE','SILVER','GOLD','PLATINUM') DEFAULT NULL COMMENT '회원등급: 브론즈/실버/골드/플래티넘',
  `grade_criteria_start_price` int DEFAULT NULL,
  `grade_criteria_end_price` int DEFAULT NULL,
  PRIMARY KEY (`user_grade_id`)
) ENGINE=InnoDB DEFAULT CHARSET=utf8mb3;
/*!40101 SET character_set_client = @saved_cs_client */;

--
-- Dumping data for table `user_grade`
--

LOCK TABLES `user_grade` WRITE;
/*!40000 ALTER TABLE `user_grade` DISABLE KEYS */;
INSERT INTO `user_grade` VALUES ('BZ','BRONZE',0,100000),('GD','GOLD',200001,300000),('PL','PLATINUM',300001,NULL),('SV','SILVER',100001,200000);
/*!40000 ALTER TABLE `user_grade` ENABLE KEYS */;
UNLOCK TABLES;
/*!40103 SET TIME_ZONE=@OLD_TIME_ZONE */;

/*!40101 SET SQL_MODE=@OLD_SQL_MODE */;
/*!40014 SET FOREIGN_KEY_CHECKS=@OLD_FOREIGN_KEY_CHECKS */;
/*!40014 SET UNIQUE_CHECKS=@OLD_UNIQUE_CHECKS */;
/*!40101 SET CHARACTER_SET_CLIENT=@OLD_CHARACTER_SET_CLIENT */;
/*!40101 SET CHARACTER_SET_RESULTS=@OLD_CHARACTER_SET_RESULTS */;
/*!40101 SET COLLATION_CONNECTION=@OLD_COLLATION_CONNECTION */;
/*!40111 SET SQL_NOTES=@OLD_SQL_NOTES */;

-- Dump completed on 2025-07-13 23:33:46
